드라마,날짜,회차,요일,배우,CPI,CPI증감률,경제성장률,실업률,미세먼지,연출자,작가,특이사항,시청률
넝쿨째 굴러온 당신 (2012.02.25~2012.09.09),2012.02.25,1,0,75,96.436,2.9,0.7,4.2,47,5,10,0,22.3
넝쿨째 굴러온 당신 (2012.02.25~2012.09.09),2012.02.26,2,1,75,96.436,2.9,0.7,4.2,47,5,10,0,28.9
넝쿨째 굴러온 당신 (2012.02.25~2012.09.09),2012.03.03,3,0,75,96.436,2.9,0.7,3.7,43,5,10,0,25.7
넝쿨째 굴러온 당신 (2012.02.25~2012.09.09),2012.03.04,4,1,75,96.436,2.9,0.7,3.7,43,5,10,0,29.9
넝쿨째 굴러온 당신 (2012.02.25~2012.09.09),2012.03.10,5,0,75,96.436,2.9,0.7,3.7,43,5,10,0,26.9
넝쿨째 굴러온 당신 (2012.02.25~2012.09.09),2012.03.11,6,1,75,96.436,2.9,0.7,3.7,43,5,10,0,32.8
넝쿨째 굴러온 당신 (2012.02.25~2012.09.09),2012.03.17,7,0,75,96.436,2.9,0.7,3.7,43,5,10,0,27
넝쿨째 굴러온 당신 (2012.02.25~2012.09.09),2012.03.18,8,1,75,96.436,2.9,0.7,3.7,43,5,10,0,32.8
넝쿨째 굴러온 당신 (2012.02.25~2012.09.09),2012.03.24,9,0,75,96.436,2.9,0.7,3.7,43,5,10,0,29.1
넝쿨째 굴러온 당신 (2012.02.25~2012.09.09),2012.03.25,10,1,75,96.436,2.9,0.7,3.7,43,5,10,0,36.1
넝쿨째 굴러온 당신 (2012.02.25~2012.09.09),2012.03.31,11,0,75,96.436,2.9,0.7,3.7,43,5,10,0,30.1
넝쿨째 굴러온 당신 (2012.02.25~2012.09.09),2012.04.01,12,1,75,96.637,-0.2,0.7,3.5,49,5,10,0,35.6
넝쿨째 굴러온 당신 (2012.02.25~2012.09.09),2012.04.07,13,0,75,96.637,-0.2,0.7,3.5,49,5,10,0,27.8
넝쿨째 굴러온 당신 (2012.02.25~2012.09.09),2012.04.08,14,1,75,96.637,-0.2,0.7,3.5,49,5,10,0,34.3
넝쿨째 굴러온 당신 (2012.02.25~2012.09.09),2012.04.14,15,0,75,96.637,-0.2,0.7,3.5,49,5,10,0,27.2
넝쿨째 굴러온 당신 (2012.02.25~2012.09.09),2012.04.15,16,1,75,96.637,-0.2,0.7,3.5,49,5,10,0,34.5
넝쿨째 굴러온 당신 (2012.02.25~2012.09.09),2012.04.21,17,0,75,96.637,-0.2,0.7,3.5,49,5,10,0,32.4
넝쿨째 굴러온 당신 (2012.02.25~2012.09.09),2012.04.22,18,1,75,96.637,-0.2,0.7,3.5,49,5,10,0,36.4
넝쿨째 굴러온 당신 (2012.02.25~2012.09.09),2012.04.28,19,0,75,96.637,-0.2,0.7,3.5,49,5,10,0,30.1
넝쿨째 굴러온 당신 (2012.02.25~2012.09.09),2012.04.29,20,1,75,96.637,-0.2,0.7,3.5,49,5,10,0,34.2
넝쿨째 굴러온 당신 (2012.02.25~2012.09.09),2012.05.05,21,0,75,96.637,-0.2,0.7,3.1,48,5,10,0,26
넝쿨째 굴러온 당신 (2012.02.25~2012.09.09),2012.05.06,22,1,75,96.637,-0.2,0.7,3.1,48,5,10,0,33.8
넝쿨째 굴러온 당신 (2012.02.25~2012.09.09),2012.05.12,23,0,75,96.637,-0.2,0.7,3.1,48,5,10,0,29.3
넝쿨째 굴러온 당신 (2012.02.25~2012.09.09),2012.05.13,24,1,75,96.637,-0.2,0.7,3.1,48,5,10,0,34.9
넝쿨째 굴러온 당신 (2012.02.25~2012.09.09),2012.05.19,25,0,75,96.637,-0.2,0.7,3.1,48,5,10,0,30.6
넝쿨째 굴러온 당신 (2012.02.25~2012.09.09),2012.05.20,26,1,75,96.637,-0.2,0.7,3.1,48,5,10,0,34
넝쿨째 굴러온 당신 (2012.02.25~2012.09.09),2012.05.26,27,0,75,96.637,-0.2,0.7,3.1,48,5,10,1,27.2
넝쿨째 굴러온 당신 (2012.02.25~2012.09.09),2012.05.27,28,1,75,96.637,-0.2,0.7,3.1,48,5,10,0,33.1
넝쿨째 굴러온 당신 (2012.02.25~2012.09.09),2012.06.02,29,0,75,96.637,-0.2,0.7,3.2,37,5,10,0,29.6
넝쿨째 굴러온 당신 (2012.02.25~2012.09.09),2012.06.03,30,1,75,96.637,-0.2,0.7,3.2,37,5,10,0,35.3
넝쿨째 굴러온 당신 (2012.02.25~2012.09.09),2012.06.09,31,0,75,96.637,-0.2,0.7,3.2,37,5,10,0,29.8
넝쿨째 굴러온 당신 (2012.02.25~2012.09.09),2012.06.10,32,1,75,96.637,-0.2,0.7,3.2,37,5,10,0,37.3
넝쿨째 굴러온 당신 (2012.02.25~2012.09.09),2012.06.16,33,0,75,96.637,-0.2,0.7,3.2,37,5,10,0,30.2
넝쿨째 굴러온 당신 (2012.02.25~2012.09.09),2012.06.17,34,1,75,96.637,-0.2,0.7,3.2,37,5,10,0,36.2
넝쿨째 굴러온 당신 (2012.02.25~2012.09.09),2012.06.23,35,0,75,96.637,-0.2,0.7,3.2,37,5,10,0,31.5
넝쿨째 굴러온 당신 (2012.02.25~2012.09.09),2012.06.24,36,1,75,96.637,-0.2,0.7,3.2,37,5,10,0,37
넝쿨째 굴러온 당신 (2012.02.25~2012.09.09),2012.06.30,37,0,75,96.637,-0.2,0.7,3.2,37,5,10,0,34.2
넝쿨째 굴러온 당신 (2012.02.25~2012.09.09),2012.07.01,38,1,75,96.913,1,0.4,3.1,27,5,10,0,36.7
넝쿨째 굴러온 당신 (2012.02.25~2012.09.09),2012.07.07,39,0,75,96.913,1,0.4,3.1,27,5,10,0,31.2
넝쿨째 굴러온 당신 (2012.02.25~2012.09.09),2012.07.08,40,1,75,96.913,1,0.4,3.1,27,5,10,0,38.2
넝쿨째 굴러온 당신 (2012.02.25~2012.09.09),2012.07.14,41,0,75,96.913,1,0.4,3.1,27,5,10,0,36.2
넝쿨째 굴러온 당신 (2012.02.25~2012.09.09),2012.07.15,42,1,75,96.913,1,0.4,3.1,27,5,10,0,41.9
넝쿨째 굴러온 당신 (2012.02.25~2012.09.09),2012.07.21,43,0,75,96.913,1,0.4,3.1,27,5,10,0,30.5
넝쿨째 굴러온 당신 (2012.02.25~2012.09.09),2012.07.22,44,1,75,96.913,1,0.4,3.1,27,5,10,0,37.6
넝쿨째 굴러온 당신 (2012.02.25~2012.09.09),2012.07.28,45,0,75,96.913,1,0.4,3.1,27,5,10,1,26.7
넝쿨째 굴러온 당신 (2012.02.25~2012.09.09),2012.07.29,46,1,75,96.913,1,0.4,3.1,27,5,10,1,33.3
넝쿨째 굴러온 당신 (2012.02.25~2012.09.09),2012.08.04,47,0,75,96.913,1,0.4,3,24,5,10,1,27.5
넝쿨째 굴러온 당신 (2012.02.25~2012.09.09),2012.08.05,48,1,75,96.913,1,0.4,3,24,5,10,1,30.1
넝쿨째 굴러온 당신 (2012.02.25~2012.09.09),2012.08.11,49,0,75,96.913,1,0.4,3,24,5,10,1,30.1
넝쿨째 굴러온 당신 (2012.02.25~2012.09.09),2012.08.12,50,1,75,96.913,1,0.4,3,24,5,10,0,40.7
넝쿨째 굴러온 당신 (2012.02.25~2012.09.09),2012.08.18,51,0,75,96.913,1,0.4,3,24,5,10,0,35.2
넝쿨째 굴러온 당신 (2012.02.25~2012.09.09),2012.08.19,52,1,75,96.913,1,0.4,3,24,5,10,0,42.1
넝쿨째 굴러온 당신 (2012.02.25~2012.09.09),2012.08.25,53,0,75,96.913,1,0.4,3,24,5,10,0,35.4
넝쿨째 굴러온 당신 (2012.02.25~2012.09.09),2012.08.26,54,1,75,96.913,1,0.4,3,24,5,10,0,40.7
넝쿨째 굴러온 당신 (2012.02.25~2012.09.09),2012.09.01,55,0,75,97.168,-0.4,0.6,2.9,28,5,10,0,36.3
넝쿨째 굴러온 당신 (2012.02.25~2012.09.09),2012.09.02,56,1,75,97.168,-0.4,0.6,2.9,28,5,10,0,40.9
넝쿨째 굴러온 당신 (2012.02.25~2012.09.09),2012.09.08,57,0,75,97.168,-0.4,0.6,2.9,28,5,10,0,37.5
넝쿨째 굴러온 당신 (2012.02.25~2012.09.09),2012.09.09,58,1,75,97.168,-0.4,0.6,2.9,28,5,10,0,45.3
내 딸 서영이 (2012.09.15~2013.03.03),2012.09.15,1,0,76,97.168,-0.4,0.6,2.9,28,5,11,0,19.3
내 딸 서영이 (2012.09.15~2013.03.03),2012.09.16,2,1,76,97.168,-0.4,0.6,2.9,28,5,11,0,26.2
내 딸 서영이 (2012.09.15~2013.03.03),2012.09.22,3,0,76,97.168,-0.4,0.6,2.9,28,5,11,0,23.3
내 딸 서영이 (2012.09.15~2013.03.03),2012.09.23,4,1,76,97.168,-0.4,0.6,2.9,28,5,11,0,29.1
내 딸 서영이 (2012.09.15~2013.03.03),2012.09.29,5,0,76,97.168,-0.4,0.6,2.9,28,5,11,1,21.2
내 딸 서영이 (2012.09.15~2013.03.03),2012.09.30,6,1,76,97.168,-0.4,0.6,2.9,28,5,11,1,22.2
내 딸 서영이 (2012.09.15~2013.03.03),2012.10.06,7,0,76,97.168,-0.4,0.6,3.1,34,5,11,0,26.3
내 딸 서영이 (2012.09.15~2013.03.03),2012.10.07,8,1,76,97.168,-0.4,0.6,3.1,34,5,11,0,31.5
내 딸 서영이 (2012.09.15~2013.03.03),2012.10.13,9,0,76,97.168,-0.4,0.6,3.1,34,5,11,0,27.5
내 딸 서영이 (2012.09.15~2013.03.03),2012.10.14,10,1,76,97.168,-0.4,0.6,3.1,34,5,11,0,31.2
내 딸 서영이 (2012.09.15~2013.03.03),2012.10.20,11,0,76,97.168,-0.4,0.6,3.1,34,5,11,0,27.7
내 딸 서영이 (2012.09.15~2013.03.03),2012.10.21,12,1,76,97.168,-0.4,0.6,3.1,34,5,11,0,32.6
내 딸 서영이 (2012.09.15~2013.03.03),2012.10.27,13,0,76,97.168,-0.4,0.6,3.1,34,5,11,0,29.6
내 딸 서영이 (2012.09.15~2013.03.03),2012.10.28,14,1,76,97.168,-0.4,0.6,3.1,34,5,11,0,33.3
내 딸 서영이 (2012.09.15~2013.03.03),2012.11.03,15,0,76,97.168,-0.4,0.6,3,42,5,11,0,28.3
내 딸 서영이 (2012.09.15~2013.03.03),2012.11.04,16,1,76,97.168,-0.4,0.6,3,42,5,11,0,32.9
내 딸 서영이 (2012.09.15~2013.03.03),2012.11.10,17,0,76,97.168,-0.4,0.6,3,42,5,11,0,28.2
내 딸 서영이 (2012.09.15~2013.03.03),2012.11.11,18,1,76,97.168,-0.4,0.6,3,42,5,11,0,32.7
내 딸 서영이 (2012.09.15~2013.03.03),2012.11.17,19,0,76,97.168,-0.4,0.6,3,42,5,11,0,27.9
내 딸 서영이 (2012.09.15~2013.03.03),2012.11.18,20,1,76,97.168,-0.4,0.6,3,42,5,11,0,31.1
내 딸 서영이 (2012.09.15~2013.03.03),2012.11.24,21,0,76,97.168,-0.4,0.6,3,42,5,11,0,26.1
내 딸 서영이 (2012.09.15~2013.03.03),2012.11.25,22,1,76,97.168,-0.4,0.6,3,42,5,11,0,31.6
내 딸 서영이 (2012.09.15~2013.03.03),2012.12.01,23,0,76,97.168,-0.4,0.6,2.9,40,5,11,0,26.4
내 딸 서영이 (2012.09.15~2013.03.03),2012.12.02,24,1,76,97.168,-0.4,0.6,2.9,40,5,11,0,32.6
내 딸 서영이 (2012.09.15~2013.03.03),2012.12.08,25,0,76,97.168,-0.4,0.6,2.9,40,5,11,0,28.6
내 딸 서영이 (2012.09.15~2013.03.03),2012.12.09,26,1,76,97.168,-0.4,0.6,2.9,40,5,11,0,32.2
내 딸 서영이 (2012.09.15~2013.03.03),2012.12.15,27,0,76,97.168,-0.4,0.6,2.9,40,5,11,0,27.1
내 딸 서영이 (2012.09.15~2013.03.03),2012.12.16,28,1,76,97.168,-0.4,0.6,2.9,40,5,11,1,29.6
내 딸 서영이 (2012.09.15~2013.03.03),2012.12.22,29,0,76,97.168,-0.4,0.6,2.9,40,5,11,0,29
내 딸 서영이 (2012.09.15~2013.03.03),2012.12.23,30,1,76,97.168,-0.4,0.6,2.9,40,5,11,0,35.6
내 딸 서영이 (2012.09.15~2013.03.03),2012.12.29,31,0,76,97.168,-0.4,0.6,2.9,40,5,11,0,33.9
내 딸 서영이 (2012.09.15~2013.03.03),2012.12.30,32,1,76,97.168,-0.4,0.6,2.9,40,5,11,0,37.2
내 딸 서영이 (2012.09.15~2013.03.03),2013.01.05,33,0,76,97.939,1.8,0.7,2.9,62,5,11,0,36.3
내 딸 서영이 (2012.09.15~2013.03.03),2013.01.06,34,1,76,97.939,1.8,0.7,2.9,62,5,11,0,40.2
내 딸 서영이 (2012.09.15~2013.03.03),2013.01.12,35,0,76,97.939,1.8,0.7,2.9,62,5,11,0,36.8
내 딸 서영이 (2012.09.15~2013.03.03),2013.01.13,36,1,76,97.939,1.8,0.7,2.9,62,5,11,0,42.3
내 딸 서영이 (2012.09.15~2013.03.03),2013.01.19,37,0,76,97.939,1.8,0.7,2.9,62,5,11,0,38.1
내 딸 서영이 (2012.09.15~2013.03.03),2013.01.20,38,1,76,97.939,1.8,0.7,2.9,62,5,11,0,42.2
내 딸 서영이 (2012.09.15~2013.03.03),2013.01.26,39,0,76,97.939,1.8,0.7,2.9,62,5,11,0,39.8
내 딸 서영이 (2012.09.15~2013.03.03),2013.01.27,40,1,76,97.939,1.8,0.7,2.9,62,5,11,0,45.6
내 딸 서영이 (2012.09.15~2013.03.03),2013.02.02,41,0,76,97.939,1.8,0.7,2.9,44,5,11,0,38.8
내 딸 서영이 (2012.09.15~2013.03.03),2013.02.03,42,1,76,97.939,1.8,0.7,2.9,44,5,11,0,43.4
내 딸 서영이 (2012.09.15~2013.03.03),2013.02.09,43,0,76,97.939,1.8,0.7,2.9,44,5,11,1,34.6
내 딸 서영이 (2012.09.15~2013.03.03),2013.02.10,44,1,76,97.939,1.8,0.7,2.9,44,5,11,1,34.6
내 딸 서영이 (2012.09.15~2013.03.03),2013.02.16,45,0,76,97.939,1.8,0.7,2.9,44,5,11,0,41.1
내 딸 서영이 (2012.09.15~2013.03.03),2013.02.17,46,1,76,97.939,1.8,0.7,2.9,44,5,11,0,46
내 딸 서영이 (2012.09.15~2013.03.03),2013.02.23,47,0,76,97.939,1.8,0.7,2.9,44,5,11,0,41.3
내 딸 서영이 (2012.09.15~2013.03.03),2013.02.24,48,1,76,97.939,1.8,0.7,2.9,44,5,11,0,44.6
내 딸 서영이 (2012.09.15~2013.03.03),2013.03.02,49,0,76,97.939,1.8,0.7,3.5,55,5,11,0,39
내 딸 서영이 (2012.09.15~2013.03.03),2013.03.03,50,1,76,97.939,1.8,0.7,3.5,55,5,11,0,47.6
최고다 이순신 (2013.03.09~2013.08.25),2013.03.09,1,0,58,97.939,1.8,0.7,3.5,55,3,4,0,22.2
최고다 이순신 (2013.03.09~2013.08.25),2013.03.10,2,1,58,97.939,1.8,0.7,3.5,55,3,4,0,24.3
최고다 이순신 (2013.03.09~2013.08.25),2013.03.16,3,0,58,97.939,1.8,0.7,3.5,55,3,4,1,21
최고다 이순신 (2013.03.09~2013.08.25),2013.03.17,4,1,58,97.939,1.8,0.7,3.5,55,3,4,0,25.2
최고다 이순신 (2013.03.09~2013.08.25),2013.03.23,5,0,58,97.939,1.8,0.7,3.5,55,3,4,0,22.3
최고다 이순신 (2013.03.09~2013.08.25),2013.03.24,6,1,58,97.939,1.8,0.7,3.5,55,3,4,0,26.2
최고다 이순신 (2013.03.09~2013.08.25),2013.03.30,7,0,58,97.939,1.8,0.7,3.5,55,3,4,0,23.3
최고다 이순신 (2013.03.09~2013.08.25),2013.03.31,8,1,58,97.939,1.8,0.7,3.5,55,3,4,0,26.9
최고다 이순신 (2013.03.09~2013.08.25),2013.04.06,9,0,58,97.811,-1.5,1.1,3.2,54,3,4,0,25.9
최고다 이순신 (2013.03.09~2013.08.25),2013.04.07,10,1,58,97.811,-1.5,1.1,3.2,54,3,4,0,27.3
최고다 이순신 (2013.03.09~2013.08.25),2013.04.13,11,0,58,97.811,-1.5,1.1,3.2,54,3,4,0,24
최고다 이순신 (2013.03.09~2013.08.25),2013.04.14,12,1,58,97.811,-1.5,1.1,3.2,54,3,4,0,28
최고다 이순신 (2013.03.09~2013.08.25),2013.04.20,13,0,58,97.811,-1.5,1.1,3.2,54,3,4,0,25.9
최고다 이순신 (2013.03.09~2013.08.25),2013.04.21,14,1,58,97.811,-1.5,1.1,3.2,54,3,4,0,27.3
최고다 이순신 (2013.03.09~2013.08.25),2013.04.27,15,0,58,97.811,-1.5,1.1,3.2,54,3,4,0,23
최고다 이순신 (2013.03.09~2013.08.25),2013.04.28,16,1,58,97.811,-1.5,1.1,3.2,54,3,4,0,26.7
최고다 이순신 (2013.03.09~2013.08.25),2013.05.04,17,0,58,97.811,-1.5,1.1,3,57,3,4,0,21.7
최고다 이순신 (2013.03.09~2013.08.25),2013.05.05,18,1,58,97.811,-1.5,1.1,3,57,3,4,0,26.2
최고다 이순신 (2013.03.09~2013.08.25),2013.05.11,19,0,58,97.811,-1.5,1.1,3,57,3,4,0,22
최고다 이순신 (2013.03.09~2013.08.25),2013.05.12,20,1,58,97.811,-1.5,1.1,3,57,3,4,0,27.6
최고다 이순신 (2013.03.09~2013.08.25),2013.05.18,21,0,58,97.811,-1.5,1.1,3,57,3,4,0,24.6
최고다 이순신 (2013.03.09~2013.08.25),2013.05.19,22,1,58,97.811,-1.5,1.1,3,57,3,4,0,29.5
최고다 이순신 (2013.03.09~2013.08.25),2013.05.25,23,0,58,97.811,-1.5,1.1,3,57,3,4,0,23.8
최고다 이순신 (2013.03.09~2013.08.25),2013.05.26,24,1,58,97.811,-1.5,1.1,3,57,3,4,0,28.4
최고다 이순신 (2013.03.09~2013.08.25),2013.06.01,25,0,58,98.236,-1.5,1.1,3.1,43,3,4,0,24.9
최고다 이순신 (2013.03.09~2013.08.25),2013.06.02,26,1,58,98.236,-1.5,1.1,3.1,43,3,4,0,29.8
최고다 이순신 (2013.03.09~2013.08.25),2013.06.08,27,0,58,98.236,-1.5,1.1,3.1,43,3,4,0,24.4
최고다 이순신 (2013.03.09~2013.08.25),2013.06.09,28,1,58,98.236,-1.5,1.1,3.1,43,3,4,0,29.6
최고다 이순신 (2013.03.09~2013.08.25),2013.06.15,29,0,58,98.236,-1.5,1.1,3.1,43,3,4,0,23.2
최고다 이순신 (2013.03.09~2013.08.25),2013.06.16,30,1,58,98.236,-1.5,1.1,3.1,43,3,4,0,27.9
최고다 이순신 (2013.03.09~2013.08.25),2013.06.22,31,0,58,98.236,-1.5,1.1,3.1,43,3,4,0,24.2
최고다 이순신 (2013.03.09~2013.08.25),2013.06.23,32,1,58,98.236,-1.5,1.1,3.1,43,3,4,0,27.5
최고다 이순신 (2013.03.09~2013.08.25),2013.06.29,33,0,58,98.236,-1.5,1.1,3.1,43,3,4,0,23.5
최고다 이순신 (2013.03.09~2013.08.25),2013.06.30,34,1,58,98.236,-1.5,1.1,3.1,43,3,4,0,26.9
최고다 이순신 (2013.03.09~2013.08.25),2013.07.06,35,0,58,98.236,1.3,0.9,3.1,43,3,4,0,24
최고다 이순신 (2013.03.09~2013.08.25),2013.07.07,36,1,58,98.236,1.3,0.9,3.1,43,3,4,0,29.9
최고다 이순신 (2013.03.09~2013.08.25),2013.07.13,37,0,58,98.236,1.3,0.9,3.1,43,3,4,0,23.7
최고다 이순신 (2013.03.09~2013.08.25),2013.07.14,38,1,58,98.236,1.3,0.9,3.1,43,3,4,0,28.5
최고다 이순신 (2013.03.09~2013.08.25),2013.07.20,39,0,58,98.236,1.3,0.9,3.1,43,3,4,0,24.4
최고다 이순신 (2013.03.09~2013.08.25),2013.07.21,40,1,58,98.236,1.3,0.9,3.1,43,3,4,0,30.1
최고다 이순신 (2013.03.09~2013.08.25),2013.07.27,41,0,58,98.236,1.3,0.9,3.1,43,3,4,0,25.2
최고다 이순신 (2013.03.09~2013.08.25),2013.07.28,42,1,58,98.236,1.3,0.9,3.1,43,3,4,0,27.1
최고다 이순신 (2013.03.09~2013.08.25),2013.08.03,43,0,58,98.236,1.3,0.9,3,41,3,4,0,22.9
최고다 이순신 (2013.03.09~2013.08.25),2013.08.04,44,1,58,98.236,1.3,0.9,3,41,3,4,0,26
최고다 이순신 (2013.03.09~2013.08.25),2013.08.10,45,0,58,98.236,1.3,0.9,3,41,3,4,0,23.7
최고다 이순신 (2013.03.09~2013.08.25),2013.08.11,46,1,58,98.236,1.3,0.9,3,41,3,4,0,26.6
최고다 이순신 (2013.03.09~2013.08.25),2013.08.17,47,0,58,98.236,1.3,0.9,3,41,3,4,0,25
최고다 이순신 (2013.03.09~2013.08.25),2013.08.18,48,1,58,98.236,1.3,0.9,3,41,3,4,0,30.8
최고다 이순신 (2013.03.09~2013.08.25),2013.08.24,49,0,58,98.236,1.3,0.9,3,41,3,4,0,25.6
최고다 이순신 (2013.03.09~2013.08.25),2013.08.25,50,1,58,98.236,1.3,0.9,3,41,3,4,0,30.1
왕가네 식구들 (2013.08.31~2014.02.16),2013.08.31,1,0,74,98.236,1.3,0.9,3,41,5,13,0,19.7
왕가네 식구들 (2013.08.31~2014.02.16),2013.09.01,2,1,74,98.206,-2.5,0.9,2.7,33,5,13,0,23.8
왕가네 식구들 (2013.08.31~2014.02.16),2013.09.07,3,0,74,98.206,-2.5,0.9,2.7,33,5,13,0,21.2
왕가네 식구들 (2013.08.31~2014.02.16),2013.09.08,4,1,74,98.206,-2.5,0.9,2.7,33,5,13,0,24.6
왕가네 식구들 (2013.08.31~2014.02.16),2013.09.14,5,0,74,98.206,-2.5,0.9,2.7,33,5,13,0,22.3
왕가네 식구들 (2013.08.31~2014.02.16),2013.09.15,6,1,74,98.206,-2.5,0.9,2.7,33,5,13,0,24.7
왕가네 식구들 (2013.08.31~2014.02.16),2013.09.21,7,0,74,98.206,-2.5,0.9,2.7,33,5,13,0,22.1
왕가네 식구들 (2013.08.31~2014.02.16),2013.09.22,8,1,74,98.206,-2.5,0.9,2.7,33,5,13,0,27.5
왕가네 식구들 (2013.08.31~2014.02.16),2013.09.28,9,0,74,98.206,-2.5,0.9,2.7,33,5,13,0,26.3
왕가네 식구들 (2013.08.31~2014.02.16),2013.09.29,10,1,74,98.206,-2.5,0.9,2.7,33,5,13,0,30.3
왕가네 식구들 (2013.08.31~2014.02.16),2013.10.05,11,0,74,98.206,-2.5,0.9,2.7,30,5,13,0,25.3
왕가네 식구들 (2013.08.31~2014.02.16),2013.10.06,12,1,74,98.206,-2.5,0.9,2.7,30,5,13,0,29.8
왕가네 식구들 (2013.08.31~2014.02.16),2013.10.12,13,0,74,98.206,-2.5,0.9,2.7,30,5,13,0,23.1
왕가네 식구들 (2013.08.31~2014.02.16),2013.10.13,14,1,74,98.206,-2.5,0.9,2.7,30,5,13,0,30.5
왕가네 식구들 (2013.08.31~2014.02.16),2013.10.19,15,0,74,98.206,-2.5,0.9,2.7,30,5,13,0,26.1
왕가네 식구들 (2013.08.31~2014.02.16),2013.10.20,16,1,74,98.206,-2.5,0.9,2.7,30,5,13,0,30.5
왕가네 식구들 (2013.08.31~2014.02.16),2013.10.26,17,0,74,98.206,-2.5,0.9,2.7,30,5,13,0,26.7
왕가네 식구들 (2013.08.31~2014.02.16),2013.10.27,18,1,74,98.206,-2.5,0.9,2.7,30,5,13,0,32.3
왕가네 식구들 (2013.08.31~2014.02.16),2013.11.02,19,0,74,98.206,-2.5,0.9,2.6,44,5,13,0,28.2
왕가네 식구들 (2013.08.31~2014.02.16),2013.11.03,20,1,74,98.206,-2.5,0.9,2.6,44,5,13,0,32.9
왕가네 식구들 (2013.08.31~2014.02.16),2013.11.09,21,0,74,98.206,-2.5,0.9,2.6,44,5,13,0,29.5
왕가네 식구들 (2013.08.31~2014.02.16),2013.11.10,22,1,74,98.206,-2.5,0.9,2.6,44,5,13,0,33.1
왕가네 식구들 (2013.08.31~2014.02.16),2013.11.16,23,0,74,98.206,-2.5,0.9,2.6,44,5,13,0,28.3
왕가네 식구들 (2013.08.31~2014.02.16),2013.11.17,24,1,74,98.206,-2.5,0.9,2.6,44,5,13,0,32.5
왕가네 식구들 (2013.08.31~2014.02.16),2013.11.23,25,0,74,98.206,-2.5,0.9,2.6,44,5,13,0,29.2
왕가네 식구들 (2013.08.31~2014.02.16),2013.11.24,26,1,74,98.206,-2.5,0.9,2.6,44,5,13,0,32.3
왕가네 식구들 (2013.08.31~2014.02.16),2013.11.30,27,0,74,98.206,-2.5,0.9,2.6,44,5,13,0,29.5
왕가네 식구들 (2013.08.31~2014.02.16),2013.12.01,28,1,74,98.206,-2.5,0.9,2.6,58,5,13,0,34.9
왕가네 식구들 (2013.08.31~2014.02.16),2013.12.07,29,0,74,98.206,-2.5,0.9,2.6,58,5,13,0,30.6
왕가네 식구들 (2013.08.31~2014.02.16),2013.12.08,30,1,74,98.206,-2.5,0.9,2.6,58,5,13,0,37.9
왕가네 식구들 (2013.08.31~2014.02.16),2013.12.14,31,0,74,98.206,-2.5,0.9,2.6,58,5,13,0,33.4
왕가네 식구들 (2013.08.31~2014.02.16),2013.12.15,32,1,74,98.206,-2.5,0.9,2.6,58,5,13,0,36.9
왕가네 식구들 (2013.08.31~2014.02.16),2013.12.21,33,0,74,98.206,-2.5,0.9,2.6,58,5,13,0,32.4
왕가네 식구들 (2013.08.31~2014.02.16),2013.12.22,34,1,74,98.206,-2.5,0.9,2.6,58,5,13,0,39.1
왕가네 식구들 (2013.08.31~2014.02.16),2013.12.28,35,0,74,98.206,-2.5,0.9,2.6,58,5,13,0,34.1
왕가네 식구들 (2013.08.31~2014.02.16),2013.12.29,36,1,74,98.206,-2.5,0.9,2.6,58,5,13,0,40
왕가네 식구들 (2013.08.31~2014.02.16),2014.01.04,37,0,74,99.044,1.7,0.9,2.6,61,5,13,0,36.2
왕가네 식구들 (2013.08.31~2014.02.16),2014.01.05,38,1,74,99.044,1.7,0.9,2.6,61,5,13,0,40.7
왕가네 식구들 (2013.08.31~2014.02.16),2014.01.11,39,0,74,99.044,1.7,0.9,2.6,61,5,13,0,37.6
왕가네 식구들 (2013.08.31~2014.02.16),2014.01.12,40,1,74,99.044,1.7,0.9,2.6,61,5,13,0,43.2
왕가네 식구들 (2013.08.31~2014.02.16),2014.01.18,41,0,74,99.044,1.7,0.9,2.6,61,5,13,0,39.7
왕가네 식구들 (2013.08.31~2014.02.16),2014.01.19,42,1,74,99.044,1.7,0.9,2.6,61,5,13,0,43.9
왕가네 식구들 (2013.08.31~2014.02.16),2014.01.25,43,0,74,99.044,1.7,0.9,2.6,61,5,13,0,41.2
왕가네 식구들 (2013.08.31~2014.02.16),2014.01.26,44,1,74,99.044,1.7,0.9,2.6,61,5,13,0,46.7
왕가네 식구들 (2013.08.31~2014.02.16),2014.02.01,45,0,74,99.044,1.7,0.9,2.4,59,5,13,1,39.3
왕가네 식구들 (2013.08.31~2014.02.16),2014.02.02,46,1,74,99.044,1.7,0.9,2.4,59,5,13,0,46.2
왕가네 식구들 (2013.08.31~2014.02.16),2014.02.08,47,0,74,99.044,1.7,0.9,2.4,59,5,13,0,41.3
왕가네 식구들 (2013.08.31~2014.02.16),2014.02.09,48,1,74,99.044,1.7,0.9,2.4,59,5,13,0,48.3
왕가네 식구들 (2013.08.31~2014.02.16),2014.02.15,49,0,74,99.044,1.7,0.9,2.4,59,5,13,1,38.3
왕가네 식구들 (2013.08.31~2014.02.16),2014.02.16,50,1,74,99.044,1.7,0.9,2.4,59,5,13,0,47.3
참 좋은 시절 (2014.02.22~2014.08.10),2014.02.22,1,0,55,99.044,1.7,0.9,2.4,59,2,3,0,23.8
참 좋은 시절 (2014.02.22~2014.08.10),2014.02.23,2,1,55,99.044,1.7,0.9,2.4,59,2,3,0,30.3
참 좋은 시절 (2014.02.22~2014.08.10),2014.03.01,3,0,55,99.044,1.7,0.9,3.9,66,2,3,0,26.4
참 좋은 시절 (2014.02.22~2014.08.10),2014.03.02,4,1,55,99.044,1.7,0.9,3.9,66,2,3,0,27.9
참 좋은 시절 (2014.02.22~2014.08.10),2014.03.08,5,0,55,99.044,1.7,0.9,3.9,66,2,3,0,24
참 좋은 시절 (2014.02.22~2014.08.10),2014.03.09,6,1,55,99.044,1.7,0.9,3.9,66,2,3,0,28.1
참 좋은 시절 (2014.02.22~2014.08.10),2014.03.15,7,0,55,99.044,1.7,0.9,3.9,66,2,3,0,24.8
참 좋은 시절 (2014.02.22~2014.08.10),2014.03.16,8,1,55,99.044,1.7,0.9,3.9,66,2,3,0,28.3
참 좋은 시절 (2014.02.22~2014.08.10),2014.03.22,9,0,55,99.044,1.7,0.9,3.9,66,2,3,0,25.2
참 좋은 시절 (2014.02.22~2014.08.10),2014.03.23,10,1,55,99.044,1.7,0.9,3.9,66,2,3,0,27.1
참 좋은 시절 (2014.02.22~2014.08.10),2014.03.29,11,0,55,99.044,1.7,0.9,3.9,66,2,3,0,23.7
참 좋은 시절 (2014.02.22~2014.08.10),2014.03.30,12,1,55,99.044,1.7,0.9,3.9,66,2,3,0,24.8
참 좋은 시절 (2014.02.22~2014.08.10),2014.04.05,13,0,55,99.384,0.3,0.7,3.8,63,2,3,0,22.4
참 좋은 시절 (2014.02.22~2014.08.10),2014.04.06,14,1,55,99.384,0.3,0.7,3.8,63,2,3,0,24.9
참 좋은 시절 (2014.02.22~2014.08.10),2014.04.12,15,0,55,99.384,0.3,0.7,3.8,63,2,3,0,21.9
참 좋은 시절 (2014.02.22~2014.08.10),2014.04.13,16,1,55,99.384,0.3,0.7,3.8,63,2,3,0,24.1
참 좋은 시절 (2014.02.22~2014.08.10),2014.04.19,17,0,55,99.384,0.3,0.7,3.8,63,2,3,1,19.4
참 좋은 시절 (2014.02.22~2014.08.10),2014.04.20,18,1,55,99.384,0.3,0.7,3.8,63,2,3,0,23.4
참 좋은 시절 (2014.02.22~2014.08.10),2014.04.26,19,0,55,99.384,0.3,0.7,3.8,63,2,3,0,24.2
참 좋은 시절 (2014.02.22~2014.08.10),2014.04.27,20,1,55,99.384,0.3,0.7,3.8,63,2,3,0,27.9
참 좋은 시절 (2014.02.22~2014.08.10),2014.05.03,21,0,55,99.384,0.3,0.7,3.5,70,2,3,0,22.3
참 좋은 시절 (2014.02.22~2014.08.10),2014.05.04,22,1,55,99.384,0.3,0.7,3.5,70,2,3,0,21.4
참 좋은 시절 (2014.02.22~2014.08.10),2014.05.10,23,0,55,99.384,0.3,0.7,3.5,70,2,3,0,22.7
참 좋은 시절 (2014.02.22~2014.08.10),2014.05.11,24,1,55,99.384,0.3,0.7,3.5,70,2,3,0,26.6
참 좋은 시절 (2014.02.22~2014.08.10),2014.05.17,25,0,55,99.384,0.3,0.7,3.5,70,2,3,1,20.7
참 좋은 시절 (2014.02.22~2014.08.10),2014.05.18,26,1,55,99.384,0.3,0.7,3.5,70,2,3,0,26.3
참 좋은 시절 (2014.02.22~2014.08.10),2014.05.24,27,0,55,99.384,0.3,0.7,3.5,70,2,3,0,22
참 좋은 시절 (2014.02.22~2014.08.10),2014.05.25,28,1,55,99.384,0.3,0.7,3.5,70,2,3,0,27.5
참 좋은 시절 (2014.02.22~2014.08.10),2014.05.31,29,0,55,99.384,0.3,0.7,3.5,70,2,3,0,23
참 좋은 시절 (2014.02.22~2014.08.10),2014.06.01,30,1,55,99.594,0.3,0.7,3.5,42,2,3,0,26.7
참 좋은 시절 (2014.02.22~2014.08.10),2014.06.07,31,0,55,99.594,0.3,0.7,3.5,42,2,3,1,21.7
참 좋은 시절 (2014.02.22~2014.08.10),2014.06.08,32,1,55,99.594,0.3,0.7,3.5,42,2,3,0,24.8
참 좋은 시절 (2014.02.22~2014.08.10),2014.06.14,33,0,55,99.594,0.3,0.7,3.5,42,2,3,1,21.4
참 좋은 시절 (2014.02.22~2014.08.10),2014.06.15,34,1,55,99.594,0.3,0.7,3.5,42,2,3,0,25.7
참 좋은 시절 (2014.02.22~2014.08.10),2014.06.21,35,0,55,99.594,0.3,0.7,3.5,42,2,3,0,22.2
참 좋은 시절 (2014.02.22~2014.08.10),2014.06.22,36,1,55,99.594,0.3,0.7,3.5,42,2,3,0,24
참 좋은 시절 (2014.02.22~2014.08.10),2014.06.28,37,0,55,99.594,0.3,0.7,3.5,42,2,3,0,23.1
참 좋은 시절 (2014.02.22~2014.08.10),2014.06.29,38,1,55,99.594,0.3,0.7,3.5,42,2,3,0,25.1
참 좋은 시절 (2014.02.22~2014.08.10),2014.07.05,39,0,55,99.594,0.8,0.4,3.4,42,2,3,0,22.8
참 좋은 시절 (2014.02.22~2014.08.10),2014.07.06,40,1,55,99.594,0.8,0.4,3.4,42,2,3,0,26.2
참 좋은 시절 (2014.02.22~2014.08.10),2014.07.12,41,0,55,99.594,0.8,0.4,3.4,42,2,3,0,23.1
참 좋은 시절 (2014.02.22~2014.08.10),2014.07.13,42,1,55,99.594,0.8,0.4,3.4,42,2,3,0,26.5
참 좋은 시절 (2014.02.22~2014.08.10),2014.07.19,43,0,55,99.594,0.8,0.4,3.4,42,2,3,0,23.2
참 좋은 시절 (2014.02.22~2014.08.10),2014.07.20,44,1,55,99.594,0.8,0.4,3.4,42,2,3,0,26.4
참 좋은 시절 (2014.02.22~2014.08.10),2014.07.26,45,0,55,99.594,0.8,0.4,3.4,42,2,3,1,21.4
참 좋은 시절 (2014.02.22~2014.08.10),2014.07.27,46,1,55,99.594,0.8,0.4,3.4,42,2,3,0,25.6
참 좋은 시절 (2014.02.22~2014.08.10),2014.08.02,47,0,55,99.594,0.8,0.4,3.3,33,2,3,0,23.2
참 좋은 시절 (2014.02.22~2014.08.10),2014.08.03,48,1,55,99.594,0.8,0.4,3.3,33,2,3,0,26.9
참 좋은 시절 (2014.02.22~2014.08.10),2014.08.09,49,0,55,99.594,0.8,0.4,3.3,33,2,3,0,23
참 좋은 시절 (2014.02.22~2014.08.10),2014.08.10,50,1,55,99.594,0.8,0.4,3.3,33,2,3,0,27.7
가족끼리 왜 이래 (2014.08.16~2015.02.15),2014.08.16,1,0,72,99.593,0.8,0.4,3.3,33,4,9,0,20
가족끼리 왜 이래 (2014.08.16~2015.02.15),2014.08.17,2,1,72,99.593,0.8,0.4,3.3,33,4,9,0,23.3
가족끼리 왜 이래 (2014.08.16~2015.02.15),2014.08.23,3,0,72,99.593,0.8,0.4,3.3,33,4,9,0,20.3
가족끼리 왜 이래 (2014.08.16~2015.02.15),2014.08.24,4,1,72,99.593,0.8,0.4,3.3,33,4,9,0,25.6
가족끼리 왜 이래 (2014.08.16~2015.02.15),2014.08.30,5,0,72,99.593,0.8,0.4,3.3,33,4,9,0,22.3
가족끼리 왜 이래 (2014.08.16~2015.02.15),2014.08.31,6,1,72,99.593,0.8,0.4,3.3,33,4,9,0,25.9
가족끼리 왜 이래 (2014.08.16~2015.02.15),2014.09.06,7,0,72,99.171,-1.4,0.6,3.1,31,4,9,0,22.4
가족끼리 왜 이래 (2014.08.16~2015.02.15),2014.09.07,8,1,72,99.171,-1.4,0.6,3.1,31,4,9,1,21.4
가족끼리 왜 이래 (2014.08.16~2015.02.15),2014.09.13,9,0,72,99.171,-1.4,0.6,3.1,31,4,9,0,24.5
가족끼리 왜 이래 (2014.08.16~2015.02.15),2014.09.14,10,1,72,99.171,-1.4,0.6,3.1,31,4,9,0,27.5
가족끼리 왜 이래 (2014.08.16~2015.02.15),2014.09.20,11,0,72,99.171,-1.4,0.6,3.1,31,4,9,0,23.5
가족끼리 왜 이래 (2014.08.16~2015.02.15),2014.09.21,12,1,72,99.171,-1.4,0.6,3.1,31,4,9,0,28
가족끼리 왜 이래 (2014.08.16~2015.02.15),2014.09.28,13,1,72,99.171,-1.4,0.6,3.1,31,4,9,0,22.6
가족끼리 왜 이래 (2014.08.16~2015.02.15),2014.10.04,14,0,72,99.171,-1.4,0.6,3.2,35,4,9,0,20.7
가족끼리 왜 이래 (2014.08.16~2015.02.15),2014.10.05,15,1,72,99.171,-1.4,0.6,3.2,35,4,9,0,28.8
가족끼리 왜 이래 (2014.08.16~2015.02.15),2014.10.11,16,0,72,99.171,-1.4,0.6,3.2,35,4,9,0,24.4
가족끼리 왜 이래 (2014.08.16~2015.02.15),2014.10.12,17,1,72,99.171,-1.4,0.6,3.2,35,4,9,0,29.5
가족끼리 왜 이래 (2014.08.16~2015.02.15),2014.10.18,18,0,72,99.171,-1.4,0.6,3.2,35,4,9,0,25.8
가족끼리 왜 이래 (2014.08.16~2015.02.15),2014.10.19,19,1,72,99.171,-1.4,0.6,3.2,35,4,9,0,31.8
가족끼리 왜 이래 (2014.08.16~2015.02.15),2014.10.25,20,0,72,99.171,-1.4,0.6,3.2,35,4,9,0,28.6
가족끼리 왜 이래 (2014.08.16~2015.02.15),2014.10.26,21,1,72,99.171,-1.4,0.6,3.2,35,4,9,0,34.5
가족끼리 왜 이래 (2014.08.16~2015.02.15),2014.11.01,22,0,72,99.171,-1.4,0.6,3,45,4,9,0,27.9
가족끼리 왜 이래 (2014.08.16~2015.02.15),2014.11.02,23,1,72,99.171,-1.4,0.6,3,45,4,9,0,33.5
가족끼리 왜 이래 (2014.08.16~2015.02.15),2014.11.08,24,0,72,99.171,-1.4,0.6,3,45,4,9,0,30.7
가족끼리 왜 이래 (2014.08.16~2015.02.15),2014.11.09,25,1,72,99.171,-1.4,0.6,3,45,4,9,0,34
가족끼리 왜 이래 (2014.08.16~2015.02.15),2014.11.15,26,0,72,99.171,-1.4,0.6,3,45,4,9,0,29.3
가족끼리 왜 이래 (2014.08.16~2015.02.15),2014.11.16,27,1,72,99.171,-1.4,0.6,3,45,4,9,0,34.5
가족끼리 왜 이래 (2014.08.16~2015.02.15),2014.11.22,28,0,72,99.171,-1.4,0.6,3,45,4,9,0,29
가족끼리 왜 이래 (2014.08.16~2015.02.15),2014.11.23,29,1,72,99.171,-1.4,0.6,3,45,4,9,0,35.4
가족끼리 왜 이래 (2014.08.16~2015.02.15),2014.11.29,30,0,72,99.171,-1.4,0.6,3,45,4,9,0,30.2
가족끼리 왜 이래 (2014.08.16~2015.02.15),2014.11.30,31,1,72,99.171,-1.4,0.6,3,45,4,9,0,37
가족끼리 왜 이래 (2014.08.16~2015.02.15),2014.12.06,32,0,72,99.171,-1.4,0.6,2.8,48,4,9,0,30.2
가족끼리 왜 이래 (2014.08.16~2015.02.15),2014.12.07,33,1,72,99.171,-1.4,0.6,2.8,48,4,9,0,36.6
가족끼리 왜 이래 (2014.08.16~2015.02.15),2014.12.13,34,0,72,99.171,-1.4,0.6,2.8,48,4,9,0,32.4
가족끼리 왜 이래 (2014.08.16~2015.02.15),2014.12.14,35,1,72,99.171,-1.4,0.6,2.8,48,4,9,0,37.9
가족끼리 왜 이래 (2014.08.16~2015.02.15),2014.12.20,36,0,72,99.171,-1.4,0.6,2.8,48,4,9,0,31.3
가족끼리 왜 이래 (2014.08.16~2015.02.15),2014.12.21,37,1,72,99.171,-1.4,0.6,2.8,48,4,9,0,38.7
가족끼리 왜 이래 (2014.08.16~2015.02.15),2014.12.27,38,0,72,99.171,-1.4,0.6,2.8,48,4,9,0,36.2
가족끼리 왜 이래 (2014.08.16~2015.02.15),2014.12.28,39,1,72,99.171,-1.4,0.6,2.8,48,4,9,0,41.2
가족끼리 왜 이래 (2014.08.16~2015.02.15),2015.01.03,40,0,72,99.73,2.1,0.9,2.7,51,4,9,0,39.1
가족끼리 왜 이래 (2014.08.16~2015.02.15),2015.01.04,41,1,72,99.73,2.1,0.9,2.7,51,4,9,0,40.7
가족끼리 왜 이래 (2014.08.16~2015.02.15),2015.01.10,42,0,72,99.73,2.1,0.9,2.7,51,4,9,0,36.4
가족끼리 왜 이래 (2014.08.16~2015.02.15),2015.01.11,43,1,72,99.73,2.1,0.9,2.7,51,4,9,0,41.2
가족끼리 왜 이래 (2014.08.16~2015.02.15),2015.01.17,44,0,72,99.73,2.1,0.9,2.7,51,4,9,0,36.8
가족끼리 왜 이래 (2014.08.16~2015.02.15),2015.01.18,45,1,72,99.73,2.1,0.9,2.7,51,4,9,0,41.2
가족끼리 왜 이래 (2014.08.16~2015.02.15),2015.01.24,46,0,72,99.73,2.1,0.9,2.7,51,4,9,0,36.1
가족끼리 왜 이래 (2014.08.16~2015.02.15),2015.01.25,47,1,72,99.73,2.1,0.9,2.7,51,4,9,0,42.2
가족끼리 왜 이래 (2014.08.16~2015.02.15),2015.01.31,48,0,72,99.73,2.1,0.9,2.7,51,4,9,1,30
가족끼리 왜 이래 (2014.08.16~2015.02.15),2015.02.01,49,1,72,99.73,2.1,0.9,2.7,91,4,9,0,40.1
가족끼리 왜 이래 (2014.08.16~2015.02.15),2015.02.07,50,0,72,99.73,2.1,0.9,2.7,91,4,9,0,35.1
가족끼리 왜 이래 (2014.08.16~2015.02.15),2015.02.08,51,1,72,99.73,2.1,0.9,2.7,91,4,9,0,43.3
가족끼리 왜 이래 (2014.08.16~2015.02.15),2015.02.14,52,0,72,99.73,2.1,0.9,2.7,91,4,9,0,37.6
가족끼리 왜 이래 (2014.08.16~2015.02.15),2015.02.15,53,1,72,99.73,2.1,0.9,2.7,91,4,9,0,43.1
파랑새의 집 (2015.02.21~2015.08.09),2015.02.21,1,0,53,99.73,2.1,0.9,2.7,91,1,2,0,24.4
파랑새의 집 (2015.02.21~2015.08.09),2015.02.22,2,1,53,99.73,2.1,0.9,2.7,91,1,2,0,26.3
파랑새의 집 (2015.02.21~2015.08.09),2015.02.28,3,0,53,99.73,2.1,0.9,2.7,91,1,2,0,23.1
파랑새의 집 (2015.02.21~2015.08.09),2015.03.01,4,1,53,99.73,2.1,0.9,4,73,1,2,0,26
파랑새의 집 (2015.02.21~2015.08.09),2015.03.07,5,0,53,99.73,2.1,0.9,4,73,1,2,0,23.3
파랑새의 집 (2015.02.21~2015.08.09),2015.03.08,6,1,53,99.73,2.1,0.9,4,73,1,2,0,26.2
파랑새의 집 (2015.02.21~2015.08.09),2015.03.14,7,0,53,99.73,2.1,0.9,4,73,1,2,0,21.5
파랑새의 집 (2015.02.21~2015.08.09),2015.03.15,8,1,53,99.73,2.1,0.9,4,73,1,2,0,25.7
파랑새의 집 (2015.02.21~2015.08.09),2015.03.21,9,0,53,99.73,2.1,0.9,4,73,1,2,0,22.3
파랑새의 집 (2015.02.21~2015.08.09),2015.03.22,10,1,53,99.73,2.1,0.9,4,73,1,2,0,25.4
파랑새의 집 (2015.02.21~2015.08.09),2015.03.28,11,0,53,99.73,2.1,0.9,4,73,1,2,0,23
파랑새의 집 (2015.02.21~2015.08.09),2015.03.29,12,1,53,99.73,2.1,0.9,4,73,1,2,0,26.6
파랑새의 집 (2015.02.21~2015.08.09),2015.04.04,13,0,53,99.94,0.3,0.2,4.9,47,1,2,0,23.5
파랑새의 집 (2015.02.21~2015.08.09),2015.04.05,14,1,53,99.94,0.3,0.2,4.9,47,1,2,0,25.2
파랑새의 집 (2015.02.21~2015.08.09),2015.04.11,15,0,53,99.94,0.3,0.2,4.9,47,1,2,0,20.6
파랑새의 집 (2015.02.21~2015.08.09),2015.04.12,16,1,53,99.94,0.3,0.2,4.9,47,1,2,0,25.4
파랑새의 집 (2015.02.21~2015.08.09),2015.04.18,17,0,53,99.94,0.3,0.2,4.9,47,1,2,0,23
파랑새의 집 (2015.02.21~2015.08.09),2015.04.19,18,1,53,99.94,0.3,0.2,4.9,47,1,2,0,27
파랑새의 집 (2015.02.21~2015.08.09),2015.04.25,19,0,53,99.94,0.3,0.2,4.9,47,1,2,1,19.7
파랑새의 집 (2015.02.21~2015.08.09),2015.04.26,20,1,53,99.94,0.3,0.2,4.9,47,1,2,0,23.9
파랑새의 집 (2015.02.21~2015.08.09),2015.05.02,21,0,53,99.94,0.3,0.2,4.7,46,1,2,0,20.1
파랑새의 집 (2015.02.21~2015.08.09),2015.05.03,22,1,53,99.94,0.3,0.2,4.7,46,1,2,0,24.3
파랑새의 집 (2015.02.21~2015.08.09),2015.05.09,23,0,53,99.94,0.3,0.2,4.7,46,1,2,0,20.1
파랑새의 집 (2015.02.21~2015.08.09),2015.05.10,24,1,53,99.94,0.3,0.2,4.7,46,1,2,0,25.5
파랑새의 집 (2015.02.21~2015.08.09),2015.05.16,25,0,53,99.94,0.3,0.2,4.7,46,1,2,1,19.9
파랑새의 집 (2015.02.21~2015.08.09),2015.05.17,26,1,53,99.94,0.3,0.2,4.7,46,1,2,0,23.5
파랑새의 집 (2015.02.21~2015.08.09),2015.05.23,27,0,53,99.94,0.3,0.2,4.7,46,1,2,0,20.3
파랑새의 집 (2015.02.21~2015.08.09),2015.05.24,28,1,53,99.94,0.3,0.2,4.7,46,1,2,0,22.8
파랑새의 집 (2015.02.21~2015.08.09),2015.05.30,29,0,53,99.94,0.3,0.2,4.7,46,1,2,0,21.3
파랑새의 집 (2015.02.21~2015.08.09),2015.05.31,30,1,53,99.94,0.3,0.2,4.7,46,1,2,0,24.2
파랑새의 집 (2015.02.21~2015.08.09),2015.06.06,31,0,53,99.94,0.3,0.2,4.8,34,1,2,0,21.3
파랑새의 집 (2015.02.21~2015.08.09),2015.06.07,32,1,53,99.94,0.3,0.2,4.8,34,1,2,0,23.1
파랑새의 집 (2015.02.21~2015.08.09),2015.06.13,33,0,53,99.94,0.3,0.2,4.8,34,1,2,0,21.7
파랑새의 집 (2015.02.21~2015.08.09),2015.06.14,34,1,53,99.94,0.3,0.2,4.8,34,1,2,0,25.4
파랑새의 집 (2015.02.21~2015.08.09),2015.06.20,35,0,53,99.94,0.3,0.2,4.8,34,1,2,0,23.6
파랑새의 집 (2015.02.21~2015.08.09),2015.06.21,36,1,53,99.94,0.3,0.2,4.8,34,1,2,0,23.7
파랑새의 집 (2015.02.21~2015.08.09),2015.06.27,37,0,53,99.94,0.3,0.2,4.8,34,1,2,0,21.6
파랑새의 집 (2015.02.21~2015.08.09),2015.06.28,38,1,53,99.94,0.3,0.2,4.8,34,1,2,0,26.3
파랑새의 집 (2015.02.21~2015.08.09),2015.07.04,39,0,53,100.24,0.4,0.2,4.7,29,1,2,0,21.4
파랑새의 집 (2015.02.21~2015.08.09),2015.07.05,40,1,53,100.24,0.4,0.2,4.7,29,1,2,0,25.4
파랑새의 집 (2015.02.21~2015.08.09),2015.07.11,41,0,53,100.24,0.4,0.2,4.7,29,1,2,0,22.7
파랑새의 집 (2015.02.21~2015.08.09),2015.07.12,42,1,53,100.24,0.4,0.2,4.7,29,1,2,0,27.4
파랑새의 집 (2015.02.21~2015.08.09),2015.07.18,43,0,53,100.24,0.4,0.2,4.7,29,1,2,0,22.4
파랑새의 집 (2015.02.21~2015.08.09),2015.07.19,44,1,53,100.24,0.4,0.2,4.7,29,1,2,0,26.4
파랑새의 집 (2015.02.21~2015.08.09),2015.07.25,45,0,53,100.24,0.4,0.2,4.7,29,1,2,0,22.6
파랑새의 집 (2015.02.21~2015.08.09),2015.07.26,46,1,53,100.24,0.4,0.2,4.7,29,1,2,0,27.3
파랑새의 집 (2015.02.21~2015.08.09),2015.08.01,47,0,53,100.24,0.4,0.2,3.4,32,1,2,0,21.7
파랑새의 집 (2015.02.21~2015.08.09),2015.08.02,48,1,53,100.24,0.4,0.2,3.4,32,1,2,0,25.8
파랑새의 집 (2015.02.21~2015.08.09),2015.08.08,49,0,53,100.24,0.4,0.2,3.4,32,1,2,0,22.4
파랑새의 집 (2015.02.21~2015.08.09),2015.08.09,50,1,53,100.24,0.4,0.2,3.4,32,1,2,0,27.5
부탁해요 엄마 (2015.08.15~2016.02.14),2015.08.15,1,0,62,100.24,0.4,0.2,3.4,32,3,7,0,14.9
부탁해요 엄마 (2015.08.15~2016.02.14),2015.08.16,2,1,62,100.24,0.4,0.2,3.4,32,3,7,0,24.3
부탁해요 엄마 (2015.08.15~2016.02.14),2015.08.22,3,0,62,100.24,0.4,0.2,3.4,32,3,7,0,17.3
부탁해요 엄마 (2015.08.15~2016.02.14),2015.08.23,4,1,62,100.24,0.4,0.2,3.4,32,3,7,0,20.5
부탁해요 엄마 (2015.08.15~2016.02.14),2015.08.29,5,0,62,100.24,0.4,0.2,3.4,32,3,7,0,19.9
부탁해요 엄마 (2015.08.15~2016.02.14),2015.08.30,6,1,62,100.24,0.4,0.2,3.4,32,3,7,0,22.5
부탁해요 엄마 (2015.08.15~2016.02.14),2015.09.05,7,0,62,100.08,-1.4,1.5,3.2,26,3,7,0,21.9
부탁해요 엄마 (2015.08.15~2016.02.14),2015.09.06,8,1,62,100.08,-1.4,1.5,3.2,26,3,7,0,26.5
부탁해요 엄마 (2015.08.15~2016.02.14),2015.09.12,9,0,62,100.08,-1.4,1.5,3.2,26,3,7,0,22.2
부탁해요 엄마 (2015.08.15~2016.02.14),2015.09.13,10,1,62,100.08,-1.4,1.5,3.2,26,3,7,0,26.6
부탁해요 엄마 (2015.08.15~2016.02.14),2015.09.19,11,0,62,100.08,-1.4,1.5,3.2,26,3,7,0,22.5
부탁해요 엄마 (2015.08.15~2016.02.14),2015.09.20,12,1,62,100.08,-1.4,1.5,3.2,26,3,7,0,27
부탁해요 엄마 (2015.08.15~2016.02.14),2015.09.26,13,0,62,100.08,-1.4,1.5,3.2,26,3,7,1,20.1
부탁해요 엄마 (2015.08.15~2016.02.14),2015.09.27,14,1,62,100.08,-1.4,1.5,3.2,26,3,7,1,20.6
부탁해요 엄마 (2015.08.15~2016.02.14),2015.10.03,15,0,62,100.08,-1.4,1.5,3.1,42,3,7,0,23.2
부탁해요 엄마 (2015.08.15~2016.02.14),2015.10.04,16,1,62,100.08,-1.4,1.5,3.1,42,3,7,0,28.3
부탁해요 엄마 (2015.08.15~2016.02.14),2015.10.10,17,0,62,100.08,-1.4,1.5,3.1,42,3,7,0,24.2
부탁해요 엄마 (2015.08.15~2016.02.14),2015.10.11,18,1,62,100.08,-1.4,1.5,3.1,42,3,7,0,26.3
부탁해요 엄마 (2015.08.15~2016.02.14),2015.10.17,19,0,62,100.08,-1.4,1.5,3.1,42,3,7,0,24
부탁해요 엄마 (2015.08.15~2016.02.14),2015.10.18,20,1,62,100.08,-1.4,1.5,3.1,42,3,7,0,29.4
부탁해요 엄마 (2015.08.15~2016.02.14),2015.10.24,21,0,62,100.08,-1.4,1.5,3.1,42,3,7,0,26.7
부탁해요 엄마 (2015.08.15~2016.02.14),2015.10.25,22,1,62,100.08,-1.4,1.5,3.1,42,3,7,0,30.3
부탁해요 엄마 (2015.08.15~2016.02.14),2015.10.31,23,0,62,100.08,-1.4,1.5,3.1,42,3,7,0,24.5
부탁해요 엄마 (2015.08.15~2016.02.14),2015.11.01,24,1,62,100.08,-1.4,1.5,3,32,3,7,0,29.2
부탁해요 엄마 (2015.08.15~2016.02.14),2015.11.07,25,0,62,100.08,-1.4,1.5,3,32,3,7,0,27
부탁해요 엄마 (2015.08.15~2016.02.14),2015.11.08,26,1,62,100.08,-1.4,1.5,3,32,3,7,0,31.1
부탁해요 엄마 (2015.08.15~2016.02.14),2015.11.14,27,0,62,100.08,-1.4,1.5,3,32,3,7,0,23.7
부탁해요 엄마 (2015.08.15~2016.02.14),2015.11.15,28,1,62,100.08,-1.4,1.5,3,32,3,7,0,29.5
부탁해요 엄마 (2015.08.15~2016.02.14),2015.11.21,29,0,62,100.08,-1.4,1.5,3,32,3,7,0,22.4
부탁해요 엄마 (2015.08.15~2016.02.14),2015.11.22,30,1,62,100.08,-1.4,1.5,3,32,3,7,0,30.7
부탁해요 엄마 (2015.08.15~2016.02.14),2015.11.28,31,0,62,100.08,-1.4,1.5,3,32,3,7,0,24.7
부탁해요 엄마 (2015.08.15~2016.02.14),2015.11.29,32,1,62,100.08,-1.4,1.5,3,32,3,7,0,30.9
부탁해요 엄마 (2015.08.15~2016.02.14),2015.12.05,33,0,62,100.08,-1.4,1.5,3.2,43,3,7,0,25.2
부탁해요 엄마 (2015.08.15~2016.02.14),2015.12.06,34,1,62,100.08,-1.4,1.5,3.2,43,3,7,0,31.7
부탁해요 엄마 (2015.08.15~2016.02.14),2015.12.12,35,0,62,100.08,-1.4,1.5,3.2,43,3,7,0,24.2
부탁해요 엄마 (2015.08.15~2016.02.14),2015.12.13,36,1,62,100.08,-1.4,1.5,3.2,43,3,7,0,32.1
부탁해요 엄마 (2015.08.15~2016.02.14),2015.12.19,37,0,62,100.08,-1.4,1.5,3.2,43,3,7,0,25.7
부탁해요 엄마 (2015.08.15~2016.02.14),2015.12.20,38,1,62,100.08,-1.4,1.5,3.2,43,3,7,0,32.4
부탁해요 엄마 (2015.08.15~2016.02.14),2015.12.26,39,0,62,100.08,-1.4,1.5,3.2,43,3,7,0,26.2
부탁해요 엄마 (2015.08.15~2016.02.14),2015.12.27,40,1,62,100.08,-1.4,1.5,3.2,43,3,7,0,32.1
부탁해요 엄마 (2015.08.15~2016.02.14),2016.01.02,41,0,62,100.59,3,0.7,3.7,47,3,7,0,27.6
부탁해요 엄마 (2015.08.15~2016.02.14),2016.01.03,42,1,62,100.59,3,0.7,3.7,47,3,7,0,33.3
부탁해요 엄마 (2015.08.15~2016.02.14),2016.01.09,43,0,62,100.59,3,0.7,3.7,47,3,7,0,27.3
부탁해요 엄마 (2015.08.15~2016.02.14),2016.01.10,44,1,62,100.59,3,0.7,3.7,47,3,7,0,33.8
부탁해요 엄마 (2015.08.15~2016.02.14),2016.01.16,45,0,62,100.59,3,0.7,3.7,47,3,7,0,28
부탁해요 엄마 (2015.08.15~2016.02.14),2016.01.17,46,1,62,100.59,3,0.7,3.7,47,3,7,0,35.8
부탁해요 엄마 (2015.08.15~2016.02.14),2016.01.23,47,0,62,100.59,3,0.7,3.7,47,3,7,0,32.4
부탁해요 엄마 (2015.08.15~2016.02.14),2016.01.24,48,1,62,100.59,3,0.7,3.7,47,3,7,0,36.9
부탁해요 엄마 (2015.08.15~2016.02.14),2016.01.30,49,0,62,100.59,3,0.7,3.7,47,3,7,0,33.4
부탁해요 엄마 (2015.08.15~2016.02.14),2016.01.31,50,1,62,100.59,3,0.7,3.7,47,3,7,0,36.3
부탁해요 엄마 (2015.08.15~2016.02.14),2016.02.06,51,0,62,100.59,3,0.7,3.9,42,3,7,0,33.2
부탁해요 엄마 (2015.08.15~2016.02.14),2016.02.07,52,1,62,100.59,3,0.7,3.9,42,3,7,1,31.1
부탁해요 엄마 (2015.08.15~2016.02.14),2016.02.13,53,0,62,100.59,3,0.7,3.9,42,3,7,0,35.5
부탁해요 엄마 (2015.08.15~2016.02.14),2016.02.14,54,1,62,100.59,3,0.7,3.9,42,3,7,0,38.2
아이가 다섯 (2016.02.20~2016.08.21),2016.02.20,1,0,61,100.59,3,0.7,3.9,42,3,5,0,24.6
아이가 다섯 (2016.02.20~2016.08.21),2016.02.21,2,1,61,100.59,3,0.7,3.9,42,3,5,0,26.5
아이가 다섯 (2016.02.20~2016.08.21),2016.02.27,3,0,61,100.59,3,0.7,3.9,42,3,5,0,22.4
아이가 다섯 (2016.02.20~2016.08.21),2016.02.28,4,1,61,100.59,3,0.7,3.9,42,3,5,0,27.1
아이가 다섯 (2016.02.20~2016.08.21),2016.03.05,5,0,61,100.59,3,0.7,3.8,60,3,5,0,23.6
아이가 다섯 (2016.02.20~2016.08.21),2016.03.06,6,1,61,100.59,3,0.7,3.8,60,3,5,0,27.7
아이가 다섯 (2016.02.20~2016.08.21),2016.03.12,7,0,61,100.59,3,0.7,3.8,60,3,5,0,23.3
아이가 다섯 (2016.02.20~2016.08.21),2016.03.13,8,1,61,100.59,3,0.7,3.8,60,3,5,0,27.2
아이가 다섯 (2016.02.20~2016.08.21),2016.03.19,9,0,61,100.59,3,0.7,3.8,60,3,5,0,25.6
아이가 다섯 (2016.02.20~2016.08.21),2016.03.20,10,1,61,100.59,3,0.7,3.8,60,3,5,0,30.1
아이가 다섯 (2016.02.20~2016.08.21),2016.03.26,11,0,61,100.59,3,0.7,3.8,60,3,5,0,23.2
아이가 다섯 (2016.02.20~2016.08.21),2016.03.27,12,1,61,100.59,3,0.7,3.8,60,3,5,0,28.2
아이가 다섯 (2016.02.20~2016.08.21),2016.04.02,13,0,61,100.78,-1.1,0.4,3.9,64,3,5,0,23.2
아이가 다섯 (2016.02.20~2016.08.21),2016.04.03,14,1,61,100.78,-1.1,0.4,3.9,64,3,5,0,30.7
아이가 다섯 (2016.02.20~2016.08.21),2016.04.09,15,0,61,100.78,-1.1,0.4,3.9,64,3,5,0,23.4
아이가 다섯 (2016.02.20~2016.08.21),2016.04.10,16,1,61,100.78,-1.1,0.4,3.9,64,3,5,0,29.7
아이가 다섯 (2016.02.20~2016.08.21),2016.04.16,17,0,61,100.78,-1.1,0.4,3.9,64,3,5,0,25.6
아이가 다섯 (2016.02.20~2016.08.21),2016.04.17,18,1,61,100.78,-1.1,0.4,3.9,64,3,5,0,27.3
아이가 다섯 (2016.02.20~2016.08.21),2016.04.23,19,0,61,100.78,-1.1,0.4,3.9,64,3,5,0,24.2
아이가 다섯 (2016.02.20~2016.08.21),2016.04.24,20,1,61,100.78,-1.1,0.4,3.9,64,3,5,0,29.3
아이가 다섯 (2016.02.20~2016.08.21),2016.04.30,21,0,61,100.78,-1.1,0.4,3.9,64,3,5,0,22.5
아이가 다섯 (2016.02.20~2016.08.21),2016.05.01,22,1,61,100.78,-1.1,0.4,3.6,49,3,5,0,26.9
아이가 다섯 (2016.02.20~2016.08.21),2016.05.07,23,0,61,100.78,-1.1,0.4,3.6,49,3,5,0,21.2
아이가 다섯 (2016.02.20~2016.08.21),2016.05.08,24,1,61,100.78,-1.1,0.4,3.6,49,3,5,0,25.9
아이가 다섯 (2016.02.20~2016.08.21),2016.05.14,25,0,61,100.78,-1.1,0.4,3.6,49,3,5,0,24.3
아이가 다섯 (2016.02.20~2016.08.21),2016.05.15,26,1,61,100.78,-1.1,0.4,3.6,49,3,5,0,31
아이가 다섯 (2016.02.20~2016.08.21),2016.05.21,27,0,61,100.78,-1.1,0.4,3.6,49,3,5,0,23.2
아이가 다섯 (2016.02.20~2016.08.21),2016.05.22,28,1,61,100.78,-1.1,0.4,3.6,49,3,5,0,30
아이가 다섯 (2016.02.20~2016.08.21),2016.05.28,29,0,61,100.78,-1.1,0.4,3.6,49,3,5,0,24.8
아이가 다섯 (2016.02.20~2016.08.21),2016.05.29,30,1,61,100.78,-1.1,0.4,3.6,49,3,5,0,29.8
아이가 다섯 (2016.02.20~2016.08.21),2016.06.04,31,0,61,100.78,-1.1,0.4,3.6,41,3,5,1,25
아이가 다섯 (2016.02.20~2016.08.21),2016.06.05,32,1,61,100.78,-1.1,0.4,3.6,41,3,5,1,27
아이가 다섯 (2016.02.20~2016.08.21),2016.06.11,33,0,61,100.78,-1.1,0.4,3.6,41,3,5,0,26.5
아이가 다섯 (2016.02.20~2016.08.21),2016.06.12,34,1,61,100.78,-1.1,0.4,3.6,41,3,5,0,30.8
아이가 다섯 (2016.02.20~2016.08.21),2016.06.18,35,0,61,100.78,-1.1,0.4,3.6,41,3,5,0,25.4
아이가 다섯 (2016.02.20~2016.08.21),2016.06.19,36,1,61,100.78,-1.1,0.4,3.6,41,3,5,0,29
아이가 다섯 (2016.02.20~2016.08.21),2016.06.25,37,0,61,100.78,-1.1,0.4,3.6,41,3,5,0,25.6
아이가 다섯 (2016.02.20~2016.08.21),2016.06.26,38,1,61,100.78,-1.1,0.4,3.6,41,3,5,0,30.9
아이가 다섯 (2016.02.20~2016.08.21),2016.07.02,39,0,61,100.97,1.2,1,3.5,29,3,5,0,26.8
아이가 다섯 (2016.02.20~2016.08.21),2016.07.03,40,1,61,100.97,1.2,1,3.5,29,3,5,0,31
아이가 다섯 (2016.02.20~2016.08.21),2016.07.09,41,0,61,100.97,1.2,1,3.5,29,3,5,0,25.6
아이가 다섯 (2016.02.20~2016.08.21),2016.07.10,42,1,61,100.97,1.2,1,3.5,29,3,5,0,30.6
아이가 다섯 (2016.02.20~2016.08.21),2016.07.16,43,0,61,100.97,1.2,1,3.5,29,3,5,0,28.9
아이가 다섯 (2016.02.20~2016.08.21),2016.07.17,44,1,61,100.97,1.2,1,3.5,29,3,5,0,31.6
아이가 다섯 (2016.02.20~2016.08.21),2016.07.23,45,0,61,100.97,1.2,1,3.5,29,3,5,0,27.8
아이가 다섯 (2016.02.20~2016.08.21),2016.07.24,46,1,61,100.97,1.2,1,3.5,29,3,5,0,32.1
아이가 다섯 (2016.02.20~2016.08.21),2016.07.30,47,0,61,100.97,1.2,1,3.5,29,3,5,0,26.4
아이가 다섯 (2016.02.20~2016.08.21),2016.07.31,48,1,61,100.97,1.2,1,3.5,29,3,5,0,30.1
아이가 다섯 (2016.02.20~2016.08.21),2016.08.06,49,0,61,100.97,1.2,1,3.6,30,3,5,0,28.6
아이가 다섯 (2016.02.20~2016.08.21),2016.08.07,50,1,61,100.97,1.2,1,3.6,30,3,5,0,32.1
아이가 다섯 (2016.02.20~2016.08.21),2016.08.13,51,0,61,100.97,1.2,1,3.6,30,3,5,1,24.1
아이가 다섯 (2016.02.20~2016.08.21),2016.08.14,52,1,61,100.97,1.2,1,3.6,30,3,5,1,28.6
아이가 다섯 (2016.02.20~2016.08.21),2016.08.20,53,0,61,100.97,1.2,1,3.6,30,3,5,0,26.8
아이가 다섯 (2016.02.20~2016.08.21),2016.08.21,54,1,61,100.97,1.2,1,3.6,30,3,5,0,32.8
월계수 양복점 신사들 (2016.08.27~2017.02.26),2016.08.27,1,0,66,100.97,1.2,1,3.6,30,3,6,0,22.4
월계수 양복점 신사들 (2016.08.27~2017.02.26),2016.08.28,2,1,66,100.97,1.2,1,3.6,30,3,6,0,28.1
월계수 양복점 신사들 (2016.08.27~2017.02.26),2016.09.03,3,0,66,101.54,1.6,0.5,3.5,30,3,6,0,22.2
월계수 양복점 신사들 (2016.08.27~2017.02.26),2016.09.04,4,1,66,101.54,1.6,0.5,3.5,30,3,6,0,27.6
월계수 양복점 신사들 (2016.08.27~2017.02.26),2016.09.10,5,0,66,101.54,1.6,0.5,3.5,30,3,6,0,23.9
월계수 양복점 신사들 (2016.08.27~2017.02.26),2016.09.11,6,1,66,101.54,1.6,0.5,3.5,30,3,6,0,30.2
월계수 양복점 신사들 (2016.08.27~2017.02.26),2016.09.17,7,0,66,101.54,1.6,0.5,3.5,30,3,6,1,25.5
월계수 양복점 신사들 (2016.08.27~2017.02.26),2016.09.18,8,1,66,101.54,1.6,0.5,3.5,30,3,6,1,29.4
월계수 양복점 신사들 (2016.08.27~2017.02.26),2016.09.24,9,0,66,101.54,1.6,0.5,3.5,30,3,6,0,24.8
월계수 양복점 신사들 (2016.08.27~2017.02.26),2016.09.25,10,1,66,101.54,1.6,0.5,3.5,30,3,6,0,28.7
월계수 양복점 신사들 (2016.08.27~2017.02.26),2016.10.01,11,0,66,101.54,1.6,0.5,3.3,34,3,6,0,23.2
월계수 양복점 신사들 (2016.08.27~2017.02.26),2016.10.02,12,1,66,101.54,1.6,0.5,3.3,34,3,6,0,29.3
월계수 양복점 신사들 (2016.08.27~2017.02.26),2016.10.08,13,0,66,101.54,1.6,0.5,3.3,34,3,6,0,22.9
월계수 양복점 신사들 (2016.08.27~2017.02.26),2016.10.09,14,1,66,101.54,1.6,0.5,3.3,34,3,6,0,29.2
월계수 양복점 신사들 (2016.08.27~2017.02.26),2016.10.15,15,0,66,101.54,1.6,0.5,3.3,34,3,6,0,23.6
월계수 양복점 신사들 (2016.08.27~2017.02.26),2016.10.16,16,1,66,101.54,1.6,0.5,3.3,34,3,6,0,31.5
월계수 양복점 신사들 (2016.08.27~2017.02.26),2016.10.22,17,0,66,101.54,1.6,0.5,3.3,34,3,6,0,23.7
월계수 양복점 신사들 (2016.08.27~2017.02.26),2016.10.23,18,1,66,101.54,1.6,0.5,3.3,34,3,6,0,31
월계수 양복점 신사들 (2016.08.27~2017.02.26),2016.10.29,19,0,66,101.54,1.6,0.5,3.3,34,3,6,0,24.1
월계수 양복점 신사들 (2016.08.27~2017.02.26),2016.10.30,20,1,66,101.54,1.6,0.5,3.3,34,3,6,0,29.8
월계수 양복점 신사들 (2016.08.27~2017.02.26),2016.11.05,21,0,66,101.54,1.6,0.5,3.1,46,3,6,0,24.5
월계수 양복점 신사들 (2016.08.27~2017.02.26),2016.11.06,22,1,66,101.54,1.6,0.5,3.1,46,3,6,0,31.5
월계수 양복점 신사들 (2016.08.27~2017.02.26),2016.11.12,23,0,66,101.54,1.6,0.5,3.1,46,3,6,0,23.1
월계수 양복점 신사들 (2016.08.27~2017.02.26),2016.11.13,24,1,66,101.54,1.6,0.5,3.1,46,3,6,0,31.2
월계수 양복점 신사들 (2016.08.27~2017.02.26),2016.11.19,25,0,66,101.54,1.6,0.5,3.1,46,3,6,0,27.1
월계수 양복점 신사들 (2016.08.27~2017.02.26),2016.11.20,26,1,66,101.54,1.6,0.5,3.1,46,3,6,0,31.8
월계수 양복점 신사들 (2016.08.27~2017.02.26),2016.11.26,27,0,66,101.54,1.6,0.5,3.1,46,3,6,0,26.8
월계수 양복점 신사들 (2016.08.27~2017.02.26),2016.11.27,28,1,66,101.54,1.6,0.5,3.1,46,3,6,0,32
월계수 양복점 신사들 (2016.08.27~2017.02.26),2016.12.03,29,0,66,101.54,1.6,0.5,3.2,42,3,6,0,24.5
월계수 양복점 신사들 (2016.08.27~2017.02.26),2016.12.04,30,1,66,101.54,1.6,0.5,3.2,42,3,6,0,32.5
월계수 양복점 신사들 (2016.08.27~2017.02.26),2016.12.10,31,0,66,101.54,1.6,0.5,3.2,42,3,6,0,24.1
월계수 양복점 신사들 (2016.08.27~2017.02.26),2016.12.11,32,1,66,101.54,1.6,0.5,3.2,42,3,6,0,32.4
월계수 양복점 신사들 (2016.08.27~2017.02.26),2016.12.17,33,0,66,101.54,1.6,0.5,3.2,42,3,6,0,25
월계수 양복점 신사들 (2016.08.27~2017.02.26),2016.12.18,34,1,66,101.54,1.6,0.5,3.2,42,3,6,0,33
월계수 양복점 신사들 (2016.08.27~2017.02.26),2016.12.24,35,0,66,101.54,1.6,0.5,3.2,42,3,6,0,22
월계수 양복점 신사들 (2016.08.27~2017.02.26),2016.12.25,36,1,66,101.54,1.6,0.5,3.2,42,3,6,0,32.5
월계수 양복점 신사들 (2016.08.27~2017.02.26),2016.12.31,37,0,66,101.54,1.6,0.5,3.2,42,3,6,0,25.1
월계수 양복점 신사들 (2016.08.27~2017.02.26),2017.01.01,38,1,66,102.8,3.2,0.8,3.3,47,3,6,0,34.9
월계수 양복점 신사들 (2016.08.27~2017.02.26),2017.01.07,39,0,66,102.8,3.2,0.8,3.3,47,3,6,0,27.4
월계수 양복점 신사들 (2016.08.27~2017.02.26),2017.01.08,40,1,66,102.8,3.2,0.8,3.3,47,3,6,0,35.1
월계수 양복점 신사들 (2016.08.27~2017.02.26),2017.01.14,41,0,66,102.8,3.2,0.8,3.3,47,3,6,0,29
월계수 양복점 신사들 (2016.08.27~2017.02.26),2017.01.15,42,1,66,102.8,3.2,0.8,3.3,47,3,6,0,36.2
월계수 양복점 신사들 (2016.08.27~2017.02.26),2017.01.21,43,0,66,102.8,3.2,0.8,3.3,47,3,6,0,27.6
월계수 양복점 신사들 (2016.08.27~2017.02.26),2017.01.22,44,1,66,102.8,3.2,0.8,3.3,47,3,6,0,34.8
월계수 양복점 신사들 (2016.08.27~2017.02.26),2017.01.28,45,0,66,102.8,3.2,0.8,3.3,47,3,6,1,26.4
월계수 양복점 신사들 (2016.08.27~2017.02.26),2017.01.29,46,1,66,102.8,3.2,0.8,3.3,47,3,6,1,32.1
월계수 양복점 신사들 (2016.08.27~2017.02.26),2017.02.04,47,0,66,102.8,3.2,0.8,3.1,41,3,6,0,30.8
월계수 양복점 신사들 (2016.08.27~2017.02.26),2017.02.05,48,1,66,102.8,3.2,0.8,3.1,41,3,6,0,35.4
월계수 양복점 신사들 (2016.08.27~2017.02.26),2017.02.11,49,0,66,102.8,3.2,0.8,3.1,41,3,6,0,31.3
월계수 양복점 신사들 (2016.08.27~2017.02.26),2017.02.12,50,1,66,102.8,3.2,0.8,3.1,41,3,6,0,36
월계수 양복점 신사들 (2016.08.27~2017.02.26),2017.02.18,51,0,66,102.8,3.2,0.8,3.1,41,3,6,0,32
월계수 양복점 신사들 (2016.08.27~2017.02.26),2017.02.19,52,1,66,102.8,3.2,0.8,3.1,41,3,6,0,35.7
월계수 양복점 신사들 (2016.08.27~2017.02.26),2017.02.25,53,0,66,102.8,3.2,0.8,3.1,41,3,6,0,30.9
월계수 양복점 신사들 (2016.08.27~2017.02.26),2017.02.26,54,1,66,102.8,3.2,0.8,3.1,41,3,6,0,35.8
아버지가 이상해 (2017.03.04~2017.08.27),2017.03.04,1,0,64,102.8,3.2,0.8,4.2,51,3,6,0,22.9
아버지가 이상해 (2017.03.04~2017.08.27),2017.03.05,2,1,64,102.8,3.2,0.8,4.2,51,3,6,0,26.5
아버지가 이상해 (2017.03.04~2017.08.27),2017.03.11,3,0,64,102.8,3.2,0.8,4.2,51,3,6,0,21.4
아버지가 이상해 (2017.03.04~2017.08.27),2017.03.12,4,1,64,102.8,3.2,0.8,4.2,51,3,6,0,24.4
아버지가 이상해 (2017.03.04~2017.08.27),2017.03.18,5,0,64,102.8,3.2,0.8,4.2,51,3,6,0,22.5
아버지가 이상해 (2017.03.04~2017.08.27),2017.03.19,6,1,64,102.8,3.2,0.8,4.2,51,3,6,0,27.1
아버지가 이상해 (2017.03.04~2017.08.27),2017.03.25,7,0,64,102.8,3.2,0.8,4.2,51,3,6,0,21.6
아버지가 이상해 (2017.03.04~2017.08.27),2017.03.26,8,1,64,102.8,3.2,0.8,4.2,51,3,6,0,26.8
아버지가 이상해 (2017.03.04~2017.08.27),2017.04.01,9,0,64,102.72,-2.1,0.9,4.1,51,3,6,0,21.9
아버지가 이상해 (2017.03.04~2017.08.27),2017.04.02,10,1,64,102.72,-2.1,0.9,4.1,51,3,6,0,25.8
아버지가 이상해 (2017.03.04~2017.08.27),2017.04.08,11,0,64,102.72,-2.1,0.9,4.1,51,3,6,0,22.3
아버지가 이상해 (2017.03.04~2017.08.27),2017.04.09,12,1,64,102.72,-2.1,0.9,4.1,51,3,6,0,26.8
아버지가 이상해 (2017.03.04~2017.08.27),2017.04.15,13,0,64,102.72,-2.1,0.9,4.1,51,3,6,0,22.8
아버지가 이상해 (2017.03.04~2017.08.27),2017.04.16,14,1,64,102.72,-2.1,0.9,4.1,51,3,6,0,28
아버지가 이상해 (2017.03.04~2017.08.27),2017.04.22,15,0,64,102.72,-2.1,0.9,4.1,51,3,6,0,23
아버지가 이상해 (2017.03.04~2017.08.27),2017.04.23,16,1,64,102.72,-2.1,0.9,4.1,51,3,6,0,23.5
아버지가 이상해 (2017.03.04~2017.08.27),2017.04.29,17,0,64,102.72,-2.1,0.9,4.1,51,3,6,0,23.9
아버지가 이상해 (2017.03.04~2017.08.27),2017.04.30,18,1,64,102.72,-2.1,0.9,4.1,51,3,6,0,27.1
아버지가 이상해 (2017.03.04~2017.08.27),2017.05.06,19,0,64,102.72,-2.1,0.9,3.8,59,3,6,0,25.2
아버지가 이상해 (2017.03.04~2017.08.27),2017.05.07,20,1,64,102.72,-2.1,0.9,3.8,59,3,6,0,29.2
아버지가 이상해 (2017.03.04~2017.08.27),2017.05.13,21,0,64,102.72,-2.1,0.9,3.8,59,3,6,0,26.1
아버지가 이상해 (2017.03.04~2017.08.27),2017.05.14,22,1,64,102.72,-2.1,0.9,3.8,59,3,6,0,30.4
아버지가 이상해 (2017.03.04~2017.08.27),2017.05.20,23,0,64,102.72,-2.1,0.9,3.8,59,3,6,0,24
아버지가 이상해 (2017.03.04~2017.08.27),2017.05.21,24,1,64,102.72,-2.1,0.9,3.8,59,3,6,0,30.5
아버지가 이상해 (2017.03.04~2017.08.27),2017.05.27,25,0,64,102.72,-2.1,0.9,3.8,59,3,6,0,24.2
아버지가 이상해 (2017.03.04~2017.08.27),2017.05.28,26,1,64,102.72,-2.1,0.9,3.8,59,3,6,0,31
아버지가 이상해 (2017.03.04~2017.08.27),2017.06.03,27,0,64,102.72,-2.1,0.9,3.6,36,3,6,0,26.4
아버지가 이상해 (2017.03.04~2017.08.27),2017.06.04,28,1,64,102.72,-2.1,0.9,3.6,36,3,6,0,31
아버지가 이상해 (2017.03.04~2017.08.27),2017.06.10,29,0,64,102.72,-2.1,0.9,3.6,36,3,6,0,26.1
아버지가 이상해 (2017.03.04~2017.08.27),2017.06.11,30,1,64,102.72,-2.1,0.9,3.6,36,3,6,0,31.7
아버지가 이상해 (2017.03.04~2017.08.27),2017.06.17,31,0,64,102.72,-2.1,0.9,3.6,36,3,6,0,26.5
아버지가 이상해 (2017.03.04~2017.08.27),2017.06.18,32,1,64,102.72,-2.1,0.9,3.6,36,3,6,0,31.6
아버지가 이상해 (2017.03.04~2017.08.27),2017.06.24,33,0,64,102.72,-2.1,0.9,3.6,36,3,6,0,27.4
아버지가 이상해 (2017.03.04~2017.08.27),2017.06.25,34,1,64,102.72,-2.1,0.9,3.6,36,3,6,0,31.4
아버지가 이상해 (2017.03.04~2017.08.27),2017.07.01,35,0,64,103.21,2.1,0.5,3.4,30,3,6,0,28.8
아버지가 이상해 (2017.03.04~2017.08.27),2017.07.02,36,1,64,103.21,2.1,0.5,3.4,30,3,6,0,33.2
아버지가 이상해 (2017.03.04~2017.08.27),2017.07.08,37,0,64,103.21,2.1,0.5,3.4,30,3,6,0,28.8
아버지가 이상해 (2017.03.04~2017.08.27),2017.07.09,38,1,64,103.21,2.1,0.5,3.4,30,3,6,0,32.5
아버지가 이상해 (2017.03.04~2017.08.27),2017.07.15,39,0,64,103.21,2.1,0.5,3.4,30,3,6,0,28.7
아버지가 이상해 (2017.03.04~2017.08.27),2017.07.16,40,1,64,103.21,2.1,0.5,3.4,30,3,6,0,33.4
아버지가 이상해 (2017.03.04~2017.08.27),2017.07.22,41,0,64,103.21,2.1,0.5,3.4,30,3,6,0,27
아버지가 이상해 (2017.03.04~2017.08.27),2017.07.23,42,1,64,103.21,2.1,0.5,3.4,30,3,6,0,32.1
아버지가 이상해 (2017.03.04~2017.08.27),2017.07.29,43,0,64,103.21,2.1,0.5,3.4,30,3,6,0,28
아버지가 이상해 (2017.03.04~2017.08.27),2017.07.30,44,1,64,103.21,2.1,0.5,3.4,30,3,6,0,31
아버지가 이상해 (2017.03.04~2017.08.27),2017.08.05,45,0,64,103.21,2.1,0.5,3.3,20,3,6,0,28.4
아버지가 이상해 (2017.03.04~2017.08.27),2017.08.06,46,1,64,103.21,2.1,0.5,3.3,20,3,6,0,32.2
아버지가 이상해 (2017.03.04~2017.08.27),2017.08.12,47,0,64,103.21,2.1,0.5,3.3,20,3,6,0,27.9
아버지가 이상해 (2017.03.04~2017.08.27),2017.08.13,48,1,64,103.21,2.1,0.5,3.3,20,3,6,0,34.1
아버지가 이상해 (2017.03.04~2017.08.27),2017.08.19,49,0,64,103.21,2.1,0.5,3.3,20,3,6,0,30.3
아버지가 이상해 (2017.03.04~2017.08.27),2017.08.20,50,1,64,103.21,2.1,0.5,3.3,20,3,6,0,36.5
아버지가 이상해 (2017.03.04~2017.08.27),2017.08.26,51,0,64,103.21,2.1,0.5,3.3,20,3,6,0,28.6
아버지가 이상해 (2017.03.04~2017.08.27),2017.08.27,52,1,64,103.21,2.1,0.5,3.3,20,3,6,0,33.7
황금빛 내 인생 (2017.09.02~2018.03.11),2017.09.02,1,0,79,103,-2.2,-0.1,3.6,32,5,13,0,19.7
황금빛 내 인생 (2017.09.02~2018.03.11),2017.09.03,2,1,79,103,-2.2,-0.1,3.6,32,5,13,0,23.7
황금빛 내 인생 (2017.09.02~2018.03.11),2017.09.09,3,0,79,103,-2.2,-0.1,3.6,32,5,13,0,22.4
황금빛 내 인생 (2017.09.02~2018.03.11),2017.09.10,4,1,79,103,-2.2,-0.1,3.6,32,5,13,0,28.4
황금빛 내 인생 (2017.09.02~2018.03.11),2017.09.16,5,0,79,103,-2.2,-0.1,3.6,32,5,13,0,25.3
황금빛 내 인생 (2017.09.02~2018.03.11),2017.09.17,6,1,79,103,-2.2,-0.1,3.6,32,5,13,0,29.7
황금빛 내 인생 (2017.09.02~2018.03.11),2017.09.23,7,0,79,103,-2.2,-0.1,3.6,32,5,13,0,26.2
황금빛 내 인생 (2017.09.02~2018.03.11),2017.09.24,8,1,79,103,-2.2,-0.1,3.6,32,5,13,0,30.9
황금빛 내 인생 (2017.09.02~2018.03.11),2017.09.30,9,0,79,103,-2.2,-0.1,3.6,32,5,13,0,25.4
황금빛 내 인생 (2017.09.02~2018.03.11),2017.10.01,10,1,79,103,-2.2,-0.1,3.2,29,5,13,0,29.6
황금빛 내 인생 (2017.09.02~2018.03.11),2017.10.07,11,0,79,103,-2.2,-0.1,3.2,29,5,13,0,27.2
황금빛 내 인생 (2017.09.02~2018.03.11),2017.10.08,12,1,79,103,-2.2,-0.1,3.2,29,5,13,0,30.9
황금빛 내 인생 (2017.09.02~2018.03.11),2017.10.14,13,0,79,103,-2.2,-0.1,3.2,29,5,13,0,27.4
황금빛 내 인생 (2017.09.02~2018.03.11),2017.10.15,14,1,79,103,-2.2,-0.1,3.2,29,5,13,0,32.4
황금빛 내 인생 (2017.09.02~2018.03.11),2017.10.21,15,0,79,103,-2.2,-0.1,3.2,29,5,13,0,29.7
황금빛 내 인생 (2017.09.02~2018.03.11),2017.10.22,16,1,79,103,-2.2,-0.1,3.2,29,5,13,0,35
황금빛 내 인생 (2017.09.02~2018.03.11),2017.10.28,17,0,79,103,-2.2,-0.1,3.2,29,5,13,0,30.2
황금빛 내 인생 (2017.09.02~2018.03.11),2017.10.29,18,1,79,103,-2.2,-0.1,3.2,29,5,13,0,34.5
황금빛 내 인생 (2017.09.02~2018.03.11),2017.11.04,19,0,79,103,-2.2,-0.1,3.1,36,5,13,0,31.2
황금빛 내 인생 (2017.09.02~2018.03.11),2017.11.05,20,1,79,103,-2.2,-0.1,3.1,36,5,13,0,36
황금빛 내 인생 (2017.09.02~2018.03.11),2017.11.11,21,0,79,103,-2.2,-0.1,3.1,36,5,13,0,32.3
황금빛 내 인생 (2017.09.02~2018.03.11),2017.11.12,22,1,79,103,-2.2,-0.1,3.1,36,5,13,0,37.9
황금빛 내 인생 (2017.09.02~2018.03.11),2017.11.18,23,0,79,103,-2.2,-0.1,3.1,36,5,13,0,35
황금빛 내 인생 (2017.09.02~2018.03.11),2017.11.19,24,1,79,103,-2.2,-0.1,3.1,36,5,13,0,37.7
황금빛 내 인생 (2017.09.02~2018.03.11),2017.11.25,25,0,79,103,-2.2,-0.1,3.1,36,5,13,0,34.7
황금빛 내 인생 (2017.09.02~2018.03.11),2017.11.26,26,1,79,103,-2.2,-0.1,3.1,36,5,13,0,39
황금빛 내 인생 (2017.09.02~2018.03.11),2017.12.02,27,0,79,103,-2.2,-0.1,3.3,43,5,13,0,35.7
황금빛 내 인생 (2017.09.02~2018.03.11),2017.12.03,28,1,79,103,-2.2,-0.1,3.3,43,5,13,0,38.8
황금빛 내 인생 (2017.09.02~2018.03.11),2017.12.09,29,0,79,103,-2.2,-0.1,3.3,43,5,13,0,35.6
황금빛 내 인생 (2017.09.02~2018.03.11),2017.12.10,30,1,79,103,-2.2,-0.1,3.3,43,5,13,0,41.2
황금빛 내 인생 (2017.09.02~2018.03.11),2017.12.16,31,0,79,103,-2.2,-0.1,3.3,43,5,13,0,35.7
황금빛 내 인생 (2017.09.02~2018.03.11),2017.12.17,32,1,79,103,-2.2,-0.1,3.3,43,5,13,0,40.7
황금빛 내 인생 (2017.09.02~2018.03.11),2017.12.23,33,0,79,103,-2.2,-0.1,3.3,43,5,13,0,34.7
황금빛 내 인생 (2017.09.02~2018.03.11),2017.12.24,34,1,79,103,-2.2,-0.1,3.3,43,5,13,0,37.8
황금빛 내 인생 (2017.09.02~2018.03.11),2018.01.06,35,0,79,103.91,2.8,1.5,2.7,42,5,13,0,37.6
황금빛 내 인생 (2017.09.02~2018.03.11),2018.01.07,36,1,79,103.91,2.8,1.5,2.7,42,5,13,0,42.8
황금빛 내 인생 (2017.09.02~2018.03.11),2018.01.13,37,0,79,103.91,2.8,1.5,2.7,42,5,13,0,37.8
황금빛 내 인생 (2017.09.02~2018.03.11),2018.01.14,38,1,79,103.91,2.8,1.5,2.7,42,5,13,0,43.2
황금빛 내 인생 (2017.09.02~2018.03.11),2018.01.20,39,0,79,103.91,2.8,1.5,2.7,42,5,13,0,36.8
황금빛 내 인생 (2017.09.02~2018.03.11),2018.01.21,40,1,79,103.91,2.8,1.5,2.7,42,5,13,0,41.9
황금빛 내 인생 (2017.09.02~2018.03.11),2018.01.27,41,0,79,103.91,2.8,1.5,2.7,42,5,13,0,38.8
황금빛 내 인생 (2017.09.02~2018.03.11),2018.01.28,42,1,79,103.91,2.8,1.5,2.7,42,5,13,0,44.2
황금빛 내 인생 (2017.09.02~2018.03.11),2018.02.03,43,0,79,103.91,2.8,1.5,2.6,44,5,13,0,40.3
황금빛 내 인생 (2017.09.02~2018.03.11),2018.02.04,44,1,79,103.91,2.8,1.5,2.6,44,5,13,0,44.6
황금빛 내 인생 (2017.09.02~2018.03.11),2018.02.11,45,1,79,103.91,2.8,1.5,2.6,44,5,13,0,41.9
황금빛 내 인생 (2017.09.02~2018.03.11),2018.02.17,46,0,79,103.91,2.8,1.5,2.6,44,5,13,1,34.7
황금빛 내 인생 (2017.09.02~2018.03.11),2018.02.18,47,1,79,103.91,2.8,1.5,2.6,44,5,13,1,38.7
황금빛 내 인생 (2017.09.02~2018.03.11),2018.02.25,48,1,79,103.91,2.8,1.5,2.6,44,5,13,1,29.3
황금빛 내 인생 (2017.09.02~2018.03.11),2018.03.03,49,0,79,103.91,2.8,1.5,3.5,42,5,13,0,38.1
황금빛 내 인생 (2017.09.02~2018.03.11),2018.03.04,50,1,79,103.91,2.8,1.5,3.5,42,5,13,0,43.9
황금빛 내 인생 (2017.09.02~2018.03.11),2018.03.10,51,0,79,103.91,2.8,1.5,3.5,42,5,13,0,38.1
황금빛 내 인생 (2017.09.02~2018.03.11),2018.03.11,52,1,79,103.91,2.8,1.5,3.5,42,5,13,0,45.1
같이 살래요 (2018.03.17~2018.09.09),2018.03.17,1,0,65,103.91,2.8,1.5,3.5,42,3,6,0,23.3
같이 살래요 (2018.03.17~2018.09.09),2018.03.18,2,1,65,103.91,2.8,1.5,3.5,42,3,6,0,27.1
같이 살래요 (2018.03.17~2018.09.09),2018.03.24,3,0,65,103.91,2.8,1.5,3.5,42,3,6,0,23.1
같이 살래요 (2018.03.17~2018.09.09),2018.03.25,4,1,65,103.91,2.8,1.5,3.5,42,3,6,0,26.7
같이 살래요 (2018.03.17~2018.09.09),2018.03.31,5,0,65,103.91,2.8,1.5,3.5,42,3,6,0,21.8
같이 살래요 (2018.03.17~2018.09.09),2018.04.01,6,1,65,104.25,-0.7,1,4.1,47,3,6,0,27.7
같이 살래요 (2018.03.17~2018.09.09),2018.04.07,7,0,65,104.25,-0.7,1,4.1,47,3,6,0,23.2
같이 살래요 (2018.03.17~2018.09.09),2018.04.08,8,1,65,104.25,-0.7,1,4.1,47,3,6,0,28.3
같이 살래요 (2018.03.17~2018.09.09),2018.04.14,9,0,65,104.25,-0.7,1,4.1,47,3,6,0,24.8
같이 살래요 (2018.03.17~2018.09.09),2018.04.15,10,1,65,104.25,-0.7,1,4.1,47,3,6,0,29.4
같이 살래요 (2018.03.17~2018.09.09),2018.04.21,11,0,65,104.25,-0.7,1,4.1,47,3,6,0,26.6
같이 살래요 (2018.03.17~2018.09.09),2018.04.22,12,1,65,104.25,-0.7,1,4.1,47,3,6,0,31.6
같이 살래요 (2018.03.17~2018.09.09),2018.04.28,13,0,65,104.25,-0.7,1,4.1,47,3,6,0,25.7
같이 살래요 (2018.03.17~2018.09.09),2018.04.29,14,1,65,104.25,-0.7,1,4.1,47,3,6,0,30.4
같이 살래요 (2018.03.17~2018.09.09),2018.05.05,15,0,65,104.25,-0.7,1,4,45,3,6,1,23.7
같이 살래요 (2018.03.17~2018.09.09),2018.05.06,16,1,65,104.25,-0.7,1,4,45,3,6,1,26.7
같이 살래요 (2018.03.17~2018.09.09),2018.05.12,17,0,65,104.25,-0.7,1,4,45,3,6,0,27.8
같이 살래요 (2018.03.17~2018.09.09),2018.05.13,18,1,65,104.25,-0.7,1,4,45,3,6,0,30.7
같이 살래요 (2018.03.17~2018.09.09),2018.05.19,19,0,65,104.25,-0.7,1,4,45,3,6,0,24.1
같이 살래요 (2018.03.17~2018.09.09),2018.05.20,20,1,65,104.25,-0.7,1,4,45,3,6,0,29.1
같이 살래요 (2018.03.17~2018.09.09),2018.05.26,21,0,65,104.25,-0.7,1,4,45,3,6,0,24.5
같이 살래요 (2018.03.17~2018.09.09),2018.05.27,22,1,65,104.25,-0.7,1,4,45,3,6,0,31.5
같이 살래요 (2018.03.17~2018.09.09),2018.06.02,23,0,65,104.25,-0.7,1,3.7,31,3,6,0,25.8
같이 살래요 (2018.03.17~2018.09.09),2018.06.03,24,1,65,104.25,-0.7,1,3.7,31,3,6,0,30.5
같이 살래요 (2018.03.17~2018.09.09),2018.06.09,25,0,65,104.25,-0.7,1,3.7,31,3,6,0,28
같이 살래요 (2018.03.17~2018.09.09),2018.06.10,26,1,65,104.25,-0.7,1,3.7,31,3,6,0,31.7
같이 살래요 (2018.03.17~2018.09.09),2018.06.16,27,0,65,104.25,-0.7,1,3.7,31,3,6,1,23.8
같이 살래요 (2018.03.17~2018.09.09),2018.06.17,28,1,65,104.25,-0.7,1,3.7,31,3,6,0,31.8
같이 살래요 (2018.03.17~2018.09.09),2018.06.24,29,1,65,104.25,-0.7,1,3.7,31,3,6,0,31.4
같이 살래요 (2018.03.17~2018.09.09),2018.06.30,30,0,65,104.25,-0.7,1,3.7,31,3,6,0,29.7
같이 살래요 (2018.03.17~2018.09.09),2018.07.01,31,1,65,104.81,4,0.6,3.7,22,3,6,0,34.2
같이 살래요 (2018.03.17~2018.09.09),2018.07.07,32,0,65,104.81,4,0.6,3.7,22,3,6,0,26.9
같이 살래요 (2018.03.17~2018.09.09),2018.07.08,33,1,65,104.81,4,0.6,3.7,22,3,6,0,33.1
같이 살래요 (2018.03.17~2018.09.09),2018.07.14,34,0,65,104.81,4,0.6,3.7,22,3,6,0,27.1
같이 살래요 (2018.03.17~2018.09.09),2018.07.15,35,1,65,104.81,4,0.6,3.7,22,3,6,0,32.1
같이 살래요 (2018.03.17~2018.09.09),2018.07.21,36,0,65,104.81,4,0.6,3.7,22,3,6,0,27.1
같이 살래요 (2018.03.17~2018.09.09),2018.07.22,37,1,65,104.81,4,0.6,3.7,22,3,6,0,32.6
같이 살래요 (2018.03.17~2018.09.09),2018.07.28,38,0,65,104.81,4,0.6,3.7,22,3,6,0,28.9
같이 살래요 (2018.03.17~2018.09.09),2018.07.29,39,1,65,104.81,4,0.6,3.7,22,3,6,0,32
같이 살래요 (2018.03.17~2018.09.09),2018.08.04,40,0,65,104.81,4,0.6,3.6,20,3,6,0,27.4
같이 살래요 (2018.03.17~2018.09.09),2018.08.05,41,1,65,104.81,4,0.6,3.6,20,3,6,0,32.4
같이 살래요 (2018.03.17~2018.09.09),2018.08.11,42,0,65,104.81,4,0.6,3.6,20,3,6,0,30.6
같이 살래요 (2018.03.17~2018.09.09),2018.08.12,43,1,65,104.81,4,0.6,3.6,20,3,6,0,34.4
같이 살래요 (2018.03.17~2018.09.09),2018.08.18,44,0,65,104.81,4,0.6,3.6,20,3,6,0,30.6
같이 살래요 (2018.03.17~2018.09.09),2018.08.19,45,1,65,104.81,4,0.6,3.6,20,3,6,0,33.4
같이 살래요 (2018.03.17~2018.09.09),2018.08.25,46,0,65,104.81,4,0.6,3.6,20,3,6,0,29.2
같이 살래요 (2018.03.17~2018.09.09),2018.08.26,47,1,65,104.81,4,0.6,3.6,20,3,6,1,25
같이 살래요 (2018.03.17~2018.09.09),2018.09.02,48,1,65,104.84,-0.8,0.5,3.6,19,3,6,0,34.2
같이 살래요 (2018.03.17~2018.09.09),2018.09.08,49,0,65,104.84,-0.8,0.5,3.6,19,3,6,0,32
같이 살래요 (2018.03.17~2018.09.09),2018.09.09,50,1,65,104.84,-0.8,0.5,3.6,19,3,6,0,36.9
하나뿐인 내 편 (2018.09.15~2019.03.17),2018.09.15,1,0,73,104.84,-0.8,0.5,3.6,19,5,11,0,22.75
하나뿐인 내 편 (2018.09.15~2019.03.17),2018.09.16,2,1,73,104.84,-0.8,0.5,3.6,19,5,11,0,24.2
하나뿐인 내 편 (2018.09.15~2019.03.17),2018.09.22,3,0,73,104.84,-0.8,0.5,3.6,19,5,11,1,19.35
하나뿐인 내 편 (2018.09.15~2019.03.17),2018.09.23,4,1,73,104.84,-0.8,0.5,3.6,19,5,11,1,19.1
하나뿐인 내 편 (2018.09.15~2019.03.17),2018.09.29,5,0,73,104.84,-0.8,0.5,3.6,19,5,11,0,24.45
하나뿐인 내 편 (2018.09.15~2019.03.17),2018.09.30,6,1,73,104.84,-0.8,0.5,3.6,19,5,11,0,27.4
하나뿐인 내 편 (2018.09.15~2019.03.17),2018.10.06,7,0,73,104.84,-0.8,0.5,3.5,27,5,11,0,26
하나뿐인 내 편 (2018.09.15~2019.03.17),2018.10.07,8,1,73,104.84,-0.8,0.5,3.5,27,5,11,0,27.2
하나뿐인 내 편 (2018.09.15~2019.03.17),2018.10.13,9,0,73,104.84,-0.8,0.5,3.5,27,5,11,0,23.75
하나뿐인 내 편 (2018.09.15~2019.03.17),2018.10.14,10,1,73,104.84,-0.8,0.5,3.5,27,5,11,0,28.1
하나뿐인 내 편 (2018.09.15~2019.03.17),2018.10.20,11,0,73,104.84,-0.8,0.5,3.5,27,5,11,0,25.3
하나뿐인 내 편 (2018.09.15~2019.03.17),2018.10.21,12,1,73,104.84,-0.8,0.5,3.5,27,5,11,0,29.15
하나뿐인 내 편 (2018.09.15~2019.03.17),2018.10.27,13,0,73,104.84,-0.8,0.5,3.5,27,5,11,0,25.5
하나뿐인 내 편 (2018.09.15~2019.03.17),2018.10.28,14,1,73,104.84,-0.8,0.5,3.5,27,5,11,0,30.1
하나뿐인 내 편 (2018.09.15~2019.03.17),2018.11.03,15,0,73,104.84,-0.8,0.5,3.4,51,5,11,0,27.7
하나뿐인 내 편 (2018.09.15~2019.03.17),2018.11.04,16,1,73,104.84,-0.8,0.5,3.4,51,5,11,0,30.9
하나뿐인 내 편 (2018.09.15~2019.03.17),2018.11.10,17,0,73,104.84,-0.8,0.5,3.4,51,5,11,0,26.35
하나뿐인 내 편 (2018.09.15~2019.03.17),2018.11.11,18,1,73,104.84,-0.8,0.5,3.4,51,5,11,0,30.75
하나뿐인 내 편 (2018.09.15~2019.03.17),2018.11.17,19,0,73,104.84,-0.8,0.5,3.4,51,5,11,0,28.45
하나뿐인 내 편 (2018.09.15~2019.03.17),2018.11.18,20,1,73,104.84,-0.8,0.5,3.4,51,5,11,0,31.3
하나뿐인 내 편 (2018.09.15~2019.03.17),2018.11.24,21,0,73,104.84,-0.8,0.5,3.4,51,5,11,0,29
하나뿐인 내 편 (2018.09.15~2019.03.17),2018.11.25,22,1,73,104.84,-0.8,0.5,3.4,51,5,11,0,32.75
하나뿐인 내 편 (2018.09.15~2019.03.17),2018.12.01,23,0,73,104.84,-0.8,0.5,3.2,46,5,11,0,28.6
하나뿐인 내 편 (2018.09.15~2019.03.17),2018.12.02,24,1,73,104.84,-0.8,0.5,3.2,46,5,11,0,33.9
하나뿐인 내 편 (2018.09.15~2019.03.17),2018.12.08,25,0,73,104.84,-0.8,0.5,3.2,46,5,11,0,28.5
하나뿐인 내 편 (2018.09.15~2019.03.17),2018.12.09,26,1,73,104.84,-0.8,0.5,3.2,46,5,11,0,33.7
하나뿐인 내 편 (2018.09.15~2019.03.17),2018.12.15,27,0,73,104.84,-0.8,0.5,3.2,46,5,11,0,29.1
하나뿐인 내 편 (2018.09.15~2019.03.17),2018.12.16,28,1,73,104.84,-0.8,0.5,3.2,46,5,11,0,34.15
하나뿐인 내 편 (2018.09.15~2019.03.17),2018.12.22,29,0,73,104.84,-0.8,0.5,3.2,46,5,11,0,30.9
하나뿐인 내 편 (2018.09.15~2019.03.17),2018.12.23,30,1,73,104.84,-0.8,0.5,3.2,46,5,11,0,34.65
하나뿐인 내 편 (2018.09.15~2019.03.17),2018.12.30,31,1,73,104.84,-0.8,0.5,3.2,46,5,11,0,33.8
하나뿐인 내 편 (2018.09.15~2019.03.17),2019.01.05,32,0,73,104.47,-1,0.9,3,68,5,11,0,32
하나뿐인 내 편 (2018.09.15~2019.03.17),2019.01.06,33,1,73,104.47,-1,0.9,3,68,5,11,0,35.05
하나뿐인 내 편 (2018.09.15~2019.03.17),2019.01.12,34,0,73,104.47,-1,0.9,3,68,5,11,0,33
하나뿐인 내 편 (2018.09.15~2019.03.17),2019.01.13,35,1,73,104.47,-1,0.9,3,68,5,11,0,38.35
하나뿐인 내 편 (2018.09.15~2019.03.17),2019.01.19,36,0,73,104.47,-1,0.9,3,68,5,11,0,34.8
하나뿐인 내 편 (2018.09.15~2019.03.17),2019.01.20,37,1,73,104.47,-1,0.9,3,68,5,11,0,38.1
하나뿐인 내 편 (2018.09.15~2019.03.17),2019.01.26,38,0,73,104.47,-1,0.9,3,68,5,11,0,34.9
하나뿐인 내 편 (2018.09.15~2019.03.17),2019.01.27,39,1,73,104.47,-1,0.9,3,68,5,11,0,37.7
하나뿐인 내 편 (2018.09.15~2019.03.17),2019.02.02,40,0,73,104.47,-1,0.9,2.8,61,5,11,0,34.4
하나뿐인 내 편 (2018.09.15~2019.03.17),2019.02.03,41,1,73,104.47,-1,0.9,2.8,61,5,11,0,37
하나뿐인 내 편 (2018.09.15~2019.03.17),2019.02.09,42,0,73,104.47,-1,0.9,2.8,61,5,11,0,34.45
하나뿐인 내 편 (2018.09.15~2019.03.17),2019.02.10,43,1,73,104.47,-1,0.9,2.8,61,5,11,0,36.85
하나뿐인 내 편 (2018.09.15~2019.03.17),2019.02.16,44,0,73,104.47,-1,0.9,2.8,61,5,11,0,34.75
하나뿐인 내 편 (2018.09.15~2019.03.17),2019.02.17,45,1,73,104.47,-1,0.9,2.8,61,5,11,0,40.1
하나뿐인 내 편 (2018.09.15~2019.03.17),2019.02.23,46,0,73,104.47,-1,0.9,2.8,61,5,11,0,36.55
하나뿐인 내 편 (2018.09.15~2019.03.17),2019.02.24,47,1,73,104.47,-1,0.9,2.8,61,5,11,0,42.15
하나뿐인 내 편 (2018.09.15~2019.03.17),2019.03.02,48,0,73,104.47,-1,0.9,2.8,68,5,11,0,37.85
하나뿐인 내 편 (2018.09.15~2019.03.17),2019.03.03,49,1,73,104.47,-1,0.9,2.8,68,5,11,0,43.8
하나뿐인 내 편 (2018.09.15~2019.03.17),2019.03.09,50,0,73,104.47,-1,0.9,2.8,68,5,11,0,40.25
하나뿐인 내 편 (2018.09.15~2019.03.17),2019.03.10,51,1,73,104.47,-1,0.9,2.8,68,5,11,0,46.75
하나뿐인 내 편 (2018.09.15~2019.03.17),2019.03.16,52,0,73,104.47,-1,0.9,2.8,68,5,11,0,40.7
하나뿐인 내 편 (2018.09.15~2019.03.17),2019.03.17,53,1,73,104.47,-1,0.9,2.8,68,5,11,0,45.85
세상에서 제일 예쁜 내 딸 (2019.03.23~2019.09.22),2019.03.23,1,0,63,104.47,-1,0.9,2.8,68,3,6,0,24.6
세상에서 제일 예쁜 내 딸 (2019.03.23~2019.09.22),2019.03.24,2,1,63,104.47,-1,0.9,2.8,68,3,6,0,26.1
세상에서 제일 예쁜 내 딸 (2019.03.23~2019.09.22),2019.03.30,3,0,63,104.47,-1,0.9,2.8,68,3,6,0,24.3
세상에서 제일 예쁜 내 딸 (2019.03.23~2019.09.22),2019.03.31,4,1,63,104.47,-1,0.9,2.8,68,3,6,0,27.3
세상에서 제일 예쁜 내 딸 (2019.03.23~2019.09.22),2019.04.06,5,0,63,104.93,-0.3,-0.4,4.4,38,3,6,0,24.05
세상에서 제일 예쁜 내 딸 (2019.03.23~2019.09.22),2019.04.07,6,1,63,104.93,-0.3,-0.4,4.4,38,3,6,0,27.45
세상에서 제일 예쁜 내 딸 (2019.03.23~2019.09.22),2019.04.13,7,0,63,104.93,-0.3,-0.4,4.4,38,3,6,0,23.6
세상에서 제일 예쁜 내 딸 (2019.03.23~2019.09.22),2019.04.14,8,1,63,104.93,-0.3,-0.4,4.4,38,3,6,0,28.35
세상에서 제일 예쁜 내 딸 (2019.03.23~2019.09.22),2019.04.20,9,0,63,104.93,-0.3,-0.4,4.4,38,3,6,0,23.7
세상에서 제일 예쁜 내 딸 (2019.03.23~2019.09.22),2019.04.21,10,1,63,104.93,-0.3,-0.4,4.4,38,3,6,0,29.2
세상에서 제일 예쁜 내 딸 (2019.03.23~2019.09.22),2019.04.27,11,0,63,104.93,-0.3,-0.4,4.4,38,3,6,0,25.5
세상에서 제일 예쁜 내 딸 (2019.03.23~2019.09.22),2019.04.28,12,1,63,104.93,-0.3,-0.4,4.4,38,3,6,0,28.35
세상에서 제일 예쁜 내 딸 (2019.03.23~2019.09.22),2019.05.04,13,0,63,104.93,-0.3,-0.4,4,46,3,6,0,22.15
세상에서 제일 예쁜 내 딸 (2019.03.23~2019.09.22),2019.05.05,14,1,63,104.93,-0.3,-0.4,4,46,3,6,0,26.35
세상에서 제일 예쁜 내 딸 (2019.03.23~2019.09.22),2019.05.11,15,0,63,104.93,-0.3,-0.4,4,46,3,6,0,24.6
세상에서 제일 예쁜 내 딸 (2019.03.23~2019.09.22),2019.05.12,16,1,63,104.93,-0.3,-0.4,4,46,3,6,0,29.6
세상에서 제일 예쁜 내 딸 (2019.03.23~2019.09.22),2019.05.18,17,0,63,104.93,-0.3,-0.4,4,46,3,6,0,25.6
세상에서 제일 예쁜 내 딸 (2019.03.23~2019.09.22),2019.05.19,18,1,63,104.93,-0.3,-0.4,4,46,3,6,0,30.25
세상에서 제일 예쁜 내 딸 (2019.03.23~2019.09.22),2019.05.25,19,0,63,104.93,-0.3,-0.4,4,46,3,6,0,25.8
세상에서 제일 예쁜 내 딸 (2019.03.23~2019.09.22),2019.05.26,20,1,63,104.93,-0.3,-0.4,4,46,3,6,0,29.2
세상에서 제일 예쁜 내 딸 (2019.03.23~2019.09.22),2019.06.01,21,0,63,104.93,-0.3,-0.4,4,26,3,6,0,25.7
세상에서 제일 예쁜 내 딸 (2019.03.23~2019.09.22),2019.06.02,22,1,63,104.93,-0.3,-0.4,4,26,3,6,0,29.95
세상에서 제일 예쁜 내 딸 (2019.03.23~2019.09.22),2019.06.08,23,0,63,104.93,-0.3,-0.4,4,26,3,6,0,25.6
세상에서 제일 예쁜 내 딸 (2019.03.23~2019.09.22),2019.06.09,24,1,63,104.93,-0.3,-0.4,4,26,3,6,0,29.25
세상에서 제일 예쁜 내 딸 (2019.03.23~2019.09.22),2019.06.15,25,0,63,104.93,-0.3,-0.4,4,26,3,6,0,25.6
세상에서 제일 예쁜 내 딸 (2019.03.23~2019.09.22),2019.06.16,26,1,63,104.93,-0.3,-0.4,4,26,3,6,0,29.25
세상에서 제일 예쁜 내 딸 (2019.03.23~2019.09.22),2019.06.22,27,0,63,104.93,-0.3,-0.4,4,26,3,6,0,25.75
세상에서 제일 예쁜 내 딸 (2019.03.23~2019.09.22),2019.06.23,28,1,63,104.93,-0.3,-0.4,4,26,3,6,0,30
세상에서 제일 예쁜 내 딸 (2019.03.23~2019.09.22),2019.06.29,29,0,63,104.93,-0.3,-0.4,4,26,3,6,0,27.55
세상에서 제일 예쁜 내 딸 (2019.03.23~2019.09.22),2019.06.30,30,1,63,104.93,-0.3,-0.4,4,26,3,6,0,29.55
세상에서 제일 예쁜 내 딸 (2019.03.23~2019.09.22),2019.07.06,31,0,63,104.86,-0.3,1,3.9,26,3,6,0,25.75
세상에서 제일 예쁜 내 딸 (2019.03.23~2019.09.22),2019.07.07,32,1,63,104.86,-0.3,1,3.9,26,3,6,0,29.05
세상에서 제일 예쁜 내 딸 (2019.03.23~2019.09.22),2019.07.13,33,0,63,104.86,-0.3,1,3.9,26,3,6,0,24.6
세상에서 제일 예쁜 내 딸 (2019.03.23~2019.09.22),2019.07.14,34,1,63,104.86,-0.3,1,3.9,26,3,6,0,28.05
세상에서 제일 예쁜 내 딸 (2019.03.23~2019.09.22),2019.07.20,35,0,63,104.86,-0.3,1,3.9,26,3,6,0,27.25
세상에서 제일 예쁜 내 딸 (2019.03.23~2019.09.22),2019.07.21,36,1,63,104.86,-0.3,1,3.9,26,3,6,0,29.7
세상에서 제일 예쁜 내 딸 (2019.03.23~2019.09.22),2019.07.27,37,0,63,104.86,-0.3,1,3.9,26,3,6,0,26.85
세상에서 제일 예쁜 내 딸 (2019.03.23~2019.09.22),2019.07.28,38,1,63,104.86,-0.3,1,3.9,26,3,6,0,29.25
세상에서 제일 예쁜 내 딸 (2019.03.23~2019.09.22),2019.08.03,39,0,63,104.86,-0.3,1,3,25,3,6,0,24.4
세상에서 제일 예쁜 내 딸 (2019.03.23~2019.09.22),2019.08.04,40,1,63,104.86,-0.3,1,3,25,3,6,0,28.6
세상에서 제일 예쁜 내 딸 (2019.03.23~2019.09.22),2019.08.10,41,0,63,104.86,-0.3,1,3,25,3,6,0,24.75
세상에서 제일 예쁜 내 딸 (2019.03.23~2019.09.22),2019.08.11,42,1,63,104.86,-0.3,1,3,25,3,6,0,29.3
세상에서 제일 예쁜 내 딸 (2019.03.23~2019.09.22),2019.08.17,43,0,63,104.86,-0.3,1,3,25,3,6,0,25.55
세상에서 제일 예쁜 내 딸 (2019.03.23~2019.09.22),2019.08.18,44,1,63,104.86,-0.3,1,3,25,3,6,0,30.65
세상에서 제일 예쁜 내 딸 (2019.03.23~2019.09.22),2019.08.24,45,0,63,104.86,-0.3,1,3,25,3,6,0,27
세상에서 제일 예쁜 내 딸 (2019.03.23~2019.09.22),2019.08.25,46,1,63,104.86,-0.3,1,3,25,3,6,0,30.3
세상에서 제일 예쁜 내 딸 (2019.03.23~2019.09.22),2019.08.31,47,0,63,104.86,-0.3,1,3,25,3,6,0,27.55
세상에서 제일 예쁜 내 딸 (2019.03.23~2019.09.22),2019.09.01,48,1,63,104.86,-0.3,1,3,24,3,6,0,31.4
세상에서 제일 예쁜 내 딸 (2019.03.23~2019.09.22),2019.09.07,49,0,63,104.86,-0.3,1,3,24,3,6,0,30.35
세상에서 제일 예쁜 내 딸 (2019.03.23~2019.09.22),2019.09.08,50,1,63,104.86,-0.3,1,3,24,3,6,0,31.65
세상에서 제일 예쁜 내 딸 (2019.03.23~2019.09.22),2019.09.14,51,0,63,104.86,-0.3,1,3,24,3,6,0,28.5
세상에서 제일 예쁜 내 딸 (2019.03.23~2019.09.22),2019.09.15,52,1,63,104.86,-0.3,1,3,24,3,6,0,32.7
세상에서 제일 예쁜 내 딸 (2019.03.23~2019.09.22),2019.09.21,53,0,63,104.86,-0.3,1,3,24,3,6,0,30.8
세상에서 제일 예쁜 내 딸 (2019.03.23~2019.09.22),2019.09.22,54,1,63,104.86,-0.3,1,3,24,3,6,0,34.55
