,0,1,2,3,4,5,6,7,8
0,1.0,0.0,-0.06365472141656357,0.7843071938290977,0.42717101534617125,-0.9361022326488447,-0.4577633754026536,-0.44569168032042383,0.0
1,31.0,0.0,-0.582151361318752,2.026523032136194,-0.7343390749361349,-0.7886579030864751,-0.4577633754026536,-0.14704016119972957,0.0
2,4.0,1.0,0.9733385583878132,0.5358640261676786,-1.3150941200772877,-0.7149357383052903,1.2153670969315211,1.644868953524436,0.0
3,20.0,1.0,-0.4525272013432049,-2.693897153430771,1.201511075534375,0.2434524038501116,-0.4577633754026536,-0.44569168032042383,0.0
4,31.0,1.0,-0.1932788813921107,-0.20946547681657912,0.6207560303932224,-1.5258795508983227,-0.4577633754026536,-0.44569168032042383,0.0
5,21.0,0.0,-0.4525272013432049,-2.693897153430771,1.201511075534375,-1.2309908917735837,-0.4577633754026536,-0.44569168032042383,0.0
6,50.0,1.0,-1.1006480012209405,0.5358640261676786,-0.7343390749361349,-0.12515842005581224,-0.4577633754026536,-1.0429947185618125,0.0
7,7.0,0.0,-0.7117755212942991,0.03897769084484002,0.8143410454402727,1.2755627107866983,-0.4577633754026536,-0.7443431994411182,0.0
8,7.0,0.0,-0.1932788813921107,0.7843071938290977,1.3950960905814254,0.3171745686312964,-0.4577633754026536,-0.44569168032042383,0.0
9,35.0,1.0,0.8437143984122661,0.5358640261676786,-0.7343390749361349,1.8653400290361766,1.2153670969315211,1.0475659152830474,0.0
10,3.0,0.0,-0.06365472141656357,-0.45790864447799823,0.23358600029912005,-0.9361022326488447,-0.4577633754026536,-0.44569168032042383,0.0
11,30.0,0.0,-0.1932788813921107,0.7843071938290977,0.6207560303932224,-0.8623800678676599,-0.4577633754026536,-0.44569168032042383,0.0
12,44.0,1.0,1.6214593582655488,2.026523032136194,-1.5086791351243387,0.09600807428774207,1.2153670969315211,1.644868953524436,0.0
13,30.0,1.0,-0.06365472141656357,-0.45790864447799823,-0.3471690448420326,-0.05143625527462747,-0.4577633754026536,-0.44569168032042383,0.0
14,20.0,0.0,0.714090238436719,-0.20946547681657912,-0.3471690448420326,-0.5674914087429208,0.3788018607644338,0.45026287704165896,0.0
15,17.0,0.0,-0.4525272013432049,-2.693897153430771,1.201511075534375,0.2434524038501116,-0.4577633754026536,-0.44569168032042383,0.0
16,44.0,0.0,0.8437143984122661,0.5358640261676786,-1.1215091050302373,1.349284875567883,1.2153670969315211,1.0475659152830474,0.0
17,25.0,0.0,1.2325868783389076,-0.20946547681657912,-0.9279240899831861,-0.198880584836997,1.2153670969315211,1.0475659152830474,0.0
18,12.0,1.0,0.714090238436719,-0.20946547681657912,-0.5407540598890838,-0.8623800678676599,0.3788018607644338,0.45026287704165896,0.0
19,19.0,0.0,-0.06365472141656357,-0.45790864447799823,-0.15358402979498229,-0.6412135735241056,-0.4577633754026536,-0.44569168032042383,0.0
20,44.0,0.0,0.714090238436719,0.5358640261676786,-1.3150941200772877,0.6120632277560355,0.3788018607644338,0.45026287704165896,0.0
21,28.0,1.0,-1.1006480012209405,1.0327503614905171,-0.5407540598890838,0.022285909506557303,-0.4577633754026536,-1.0429947185618125,0.0
22,12.0,1.0,-1.4895204811475817,0.5358640261676786,1.007926060487324,1.717895699473807,-1.294328611569741,-1.3416462376825067,0.0
23,5.0,0.0,1.1029627183633604,0.03897769084484002,0.6207560303932224,0.022285909506557303,1.2153670969315211,0.7489143961623532,0.0
24,36.0,1.0,1.1029627183633604,0.03897769084484002,-0.3471690448420326,-0.4200470791805513,1.2153670969315211,0.7489143961623532,0.0
25,36.0,1.0,0.9733385583878132,0.5358640261676786,-1.5086791351243387,1.1281183812243287,1.2153670969315211,1.644868953524436,0.0
26,22.0,1.0,1.2325868783389076,-0.20946547681657912,-0.7343390749361349,-0.05143625527462747,1.2153670969315211,1.0475659152830474,0.0
27,16.0,0.0,0.714090238436719,-0.20946547681657912,-0.3471690448420326,-0.5674914087429208,0.3788018607644338,0.45026287704165896,0.0
28,28.0,1.0,0.8437143984122661,-0.45790864447799823,-0.3471690448420326,0.2434524038501116,1.2153670969315211,1.0475659152830474,0.0
29,52.0,1.0,-0.582151361318752,0.03897769084484002,1.007926060487324,-0.05143625527462747,-0.4577633754026536,-0.14704016119972957,1.0
30,8.0,1.0,-1.4895204811475817,0.5358640261676786,1.007926060487324,1.717895699473807,-1.294328611569741,-1.3416462376825067,0.0
31,37.0,1.0,0.8437143984122661,0.5358640261676786,-0.7343390749361349,1.8653400290361766,1.2153670969315211,1.0475659152830474,0.0
32,22.0,1.0,-1.1006480012209405,1.0327503614905171,-0.7343390749361349,1.054396216443144,-0.4577633754026536,-1.0429947185618125,0.0
33,5.0,0.0,0.714090238436719,-0.7063518121394173,-0.15358402979498229,-0.7149357383052903,0.3788018607644338,0.45026287704165896,0.0
34,42.0,0.0,0.8437143984122661,0.5358640261676786,-1.1215091050302373,1.349284875567883,1.2153670969315211,1.0475659152830474,0.0
35,33.0,0.0,-0.4525272013432049,0.7843071938290977,1.007926060487324,-1.2309908917735837,-0.4577633754026536,-0.44569168032042383,0.0
36,25.0,0.0,-0.06365472141656357,-0.45790864447799823,-0.5407540598890838,0.2434524038501116,-0.4577633754026536,-0.44569168032042383,0.0
37,40.0,1.0,1.2325868783389076,0.03897769084484002,-0.9279240899831861,1.423007040349068,1.2153670969315211,1.0475659152830474,0.0
38,44.0,1.0,1.2325868783389076,0.03897769084484002,-0.9279240899831861,0.09600807428774207,1.2153670969315211,1.0475659152830474,1.0
39,21.0,0.0,-1.748768801098676,-1.2032381474622558,2.5566061808637324,0.2434524038501116,-2.130893847736828,-1.640297756803201,0.0
40,45.0,0.0,-0.3229030413676578,-0.45790864447799823,-0.15358402979498229,-1.6733238804606925,-0.4577633754026536,-0.44569168032042383,0.0
41,24.0,1.0,1.6214593582655488,-1.9485676504465133,-0.5407540598890838,-0.49376924396173605,1.2153670969315211,1.644868953524436,0.0
42,27.0,0.0,-0.1932788813921107,0.7843071938290977,0.6207560303932224,-0.8623800678676599,-0.4577633754026536,-0.44569168032042383,1.0
43,7.0,0.0,-1.4895204811475817,0.5358640261676786,1.007926060487324,1.717895699473807,-1.294328611569741,-1.3416462376825067,0.0
44,45.0,1.0,0.8437143984122661,0.5358640261676786,-1.1215091050302373,1.349284875567883,1.2153670969315211,1.0475659152830474,0.0
45,26.0,1.0,1.6214593582655488,-1.9485676504465133,-0.5407540598890838,-0.49376924396173605,1.2153670969315211,1.644868953524436,0.0
46,25.0,0.0,-1.4895204811475817,0.03897769084484002,0.23358600029912005,2.012784358598546,-1.294328611569741,-1.3416462376825067,1.0
47,43.0,0.0,0.9733385583878132,0.5358640261676786,-1.5086791351243387,1.349284875567883,1.2153670969315211,1.644868953524436,0.0
48,31.0,0.0,1.2325868783389076,-0.20946547681657912,-0.9279240899831861,-0.198880584836997,1.2153670969315211,1.0475659152830474,0.0
49,23.0,0.0,1.1029627183633604,0.03897769084484002,-0.5407540598890838,0.39089673341248116,1.2153670969315211,0.7489143961623532,0.0
50,22.0,0.0,0.714090238436719,-0.20946547681657912,-0.7343390749361349,0.16973023906892684,0.3788018607644338,0.45026287704165896,0.0
51,40.0,1.0,0.9733385583878132,0.5358640261676786,-1.5086791351243387,1.349284875567883,1.2153670969315211,1.644868953524436,0.0
52,40.0,1.0,-1.4895204811475817,-0.7063518121394173,0.04000098525206888,-0.05143625527462747,-1.294328611569741,-1.3416462376825067,0.0
53,30.0,0.0,0.714090238436719,-0.20946547681657912,-0.7343390749361349,0.16973023906892684,0.3788018607644338,0.45026287704165896,0.0
54,47.0,0.0,1.1029627183633604,-0.7063518121394173,-0.7343390749361349,-1.3784352213359532,1.2153670969315211,0.7489143961623532,1.0
55,49.0,0.0,-1.748768801098676,-1.2032381474622558,0.04000098525206888,-0.7886579030864751,-2.130893847736828,-1.640297756803201,0.0
56,3.0,0.0,-0.1932788813921107,2.026523032136194,0.23358600029912005,-0.05143625527462747,-0.4577633754026536,-0.44569168032042383,0.0
57,18.0,1.0,-0.7117755212942991,-0.7063518121394173,1.007926060487324,1.5704513699114375,-0.4577633754026536,-0.7443431994411182,0.0
58,23.0,1.0,0.714090238436719,-0.20946547681657912,-0.7343390749361349,0.16973023906892684,0.3788018607644338,0.45026287704165896,0.0
59,36.0,1.0,1.6214593582655488,2.026523032136194,-1.3150941200772877,-0.05143625527462747,1.2153670969315211,1.644868953524436,0.0
60,23.0,0.0,-1.1006480012209405,1.0327503614905171,-0.7343390749361349,1.054396216443144,-0.4577633754026536,-1.0429947185618125,0.0
61,12.0,1.0,-0.4525272013432049,-2.693897153430771,1.9758511357225799,-0.3463249143993665,-0.4577633754026536,-0.44569168032042383,0.0
62,51.0,0.0,-0.7117755212942991,0.7843071938290977,0.42717101534617125,-0.9361022326488447,-0.4577633754026536,-0.7443431994411182,1.0
63,27.0,1.0,0.714090238436719,-0.20946547681657912,-0.7343390749361349,0.16973023906892684,0.3788018607644338,0.45026287704165896,0.0
64,15.0,0.0,-0.7117755212942991,-0.7063518121394173,1.007926060487324,1.5704513699114375,-0.4577633754026536,-0.7443431994411182,0.0
65,26.0,1.0,1.1029627183633604,0.03897769084484002,-0.5407540598890838,0.39089673341248116,1.2153670969315211,0.7489143961623532,0.0
66,48.0,0.0,0.714090238436719,0.5358640261676786,-1.3150941200772877,0.6120632277560355,0.3788018607644338,0.45026287704165896,1.0
67,41.0,0.0,-1.1006480012209405,0.5358640261676786,-0.5407540598890838,0.022285909506557303,-0.4577633754026536,-1.0429947185618125,0.0
68,34.0,1.0,-0.3229030413676578,0.5358640261676786,0.42717101534617125,-0.49376924396173605,-0.4577633754026536,-0.44569168032042383,0.0
69,37.0,0.0,-0.3229030413676578,-0.45790864447799823,0.04000098525206888,-0.9361022326488447,-0.4577633754026536,-0.44569168032042383,0.0
70,19.0,0.0,-1.4895204811475817,0.03897769084484002,0.8143410454402727,1.4967292051302528,-1.294328611569741,-1.3416462376825067,0.0
71,47.0,0.0,-1.748768801098676,-1.2032381474622558,0.04000098525206888,-0.7886579030864751,-2.130893847736828,-1.640297756803201,0.0
72,43.0,0.0,-0.06365472141656357,0.2874208585062594,-0.15358402979498229,0.3171745686312964,-0.4577633754026536,-0.44569168032042383,0.0
73,8.0,1.0,1.2325868783389076,-0.20946547681657912,-0.5407540598890838,-0.6412135735241056,1.2153670969315211,1.0475659152830474,0.0
74,6.0,1.0,1.2325868783389076,-0.20946547681657912,-0.9279240899831861,-1.0835465622112141,1.2153670969315211,1.0475659152830474,1.0
75,49.0,0.0,1.2325868783389076,0.03897769084484002,0.23358600029912005,0.9069518868807745,1.2153670969315211,1.0475659152830474,0.0
76,17.0,0.0,0.8437143984122661,-0.45790864447799823,0.04000098525206888,0.6120632277560355,1.2153670969315211,1.0475659152830474,0.0
77,32.0,1.0,1.2325868783389076,-0.20946547681657912,-0.9279240899831861,-0.198880584836997,1.2153670969315211,1.0475659152830474,0.0
78,11.0,0.0,-0.4525272013432049,-2.693897153430771,1.9758511357225799,-0.3463249143993665,-0.4577633754026536,-0.44569168032042383,0.0
79,49.0,0.0,-0.06365472141656357,0.2874208585062594,-0.5407540598890838,-0.12515842005581224,-0.4577633754026536,-0.44569168032042383,0.0
80,11.0,0.0,1.6214593582655488,-1.9485676504465133,-0.3471690448420326,-1.0098243974300294,1.2153670969315211,1.644868953524436,0.0
81,16.0,1.0,-0.3229030413676578,0.5358640261676786,1.3950960905814254,0.6120632277560355,-0.4577633754026536,-0.44569168032042383,0.0
82,23.0,0.0,-0.3229030413676578,0.5358640261676786,0.8143410454402727,1.2018405460055135,-0.4577633754026536,-0.44569168032042383,0.0
83,25.0,0.0,1.1029627183633604,0.03897769084484002,-0.5407540598890838,0.39089673341248116,1.2153670969315211,0.7489143961623532,0.0
84,48.0,1.0,1.1029627183633604,-0.7063518121394173,-0.7343390749361349,-1.3784352213359532,1.2153670969315211,0.7489143961623532,1.0
85,29.0,0.0,-0.4525272013432049,-2.693897153430771,1.201511075534375,-1.2309908917735837,-0.4577633754026536,-0.44569168032042383,0.0
86,53.0,0.0,-0.4525272013432049,0.7843071938290977,-0.7343390749361349,-1.3784352213359532,-0.4577633754026536,-0.44569168032042383,0.0
87,35.0,0.0,1.6214593582655488,2.026523032136194,-1.3150941200772877,-0.05143625527462747,1.2153670969315211,1.644868953524436,0.0
88,10.0,1.0,-0.7117755212942991,0.03897769084484002,0.8143410454402727,1.2755627107866983,-0.4577633754026536,-0.7443431994411182,0.0
89,15.0,0.0,1.6214593582655488,-1.9485676504465133,-0.3471690448420326,-1.0098243974300294,1.2153670969315211,1.644868953524436,0.0
90,45.0,0.0,-1.4895204811475817,-0.7063518121394173,0.04000098525206888,-0.05143625527462747,-1.294328611569741,-1.3416462376825067,1.0
91,27.0,0.0,-0.582151361318752,2.026523032136194,-0.7343390749361349,-0.7886579030864751,-0.4577633754026536,-0.14704016119972957,0.0
92,11.0,0.0,0.714090238436719,-0.20946547681657912,-0.5407540598890838,-0.8623800678676599,0.3788018607644338,0.45026287704165896,0.0
93,48.0,1.0,1.6214593582655488,2.026523032136194,-1.5086791351243387,0.09600807428774207,1.2153670969315211,1.644868953524436,1.0
94,45.0,1.0,0.714090238436719,0.5358640261676786,-1.3150941200772877,0.6120632277560355,0.3788018607644338,0.45026287704165896,0.0
95,29.0,1.0,0.714090238436719,-0.20946547681657912,-0.7343390749361349,0.16973023906892684,0.3788018607644338,0.45026287704165896,0.0
96,30.0,1.0,-0.4525272013432049,-2.693897153430771,1.201511075534375,-1.2309908917735837,-0.4577633754026536,-0.44569168032042383,0.0
97,2.0,1.0,1.2325868783389076,-0.20946547681657912,-0.9279240899831861,-1.0835465622112141,1.2153670969315211,1.0475659152830474,0.0
98,9.0,0.0,-0.4525272013432049,-2.693897153430771,1.9758511357225799,-0.3463249143993665,-0.4577633754026536,-0.44569168032042383,0.0
99,23.0,0.0,0.9733385583878132,0.5358640261676786,-1.5086791351243387,0.09600807428774207,1.2153670969315211,1.644868953524436,0.0
100,31.0,1.0,0.714090238436719,-0.20946547681657912,-0.7343390749361349,0.16973023906892684,0.3788018607644338,0.45026287704165896,0.0
101,32.0,1.0,-1.4895204811475817,0.03897769084484002,0.23358600029912005,-0.05143625527462747,-1.294328611569741,-1.3416462376825067,0.0
102,13.0,0.0,-0.4525272013432049,-2.693897153430771,1.201511075534375,0.2434524038501116,-0.4577633754026536,-0.44569168032042383,0.0
103,26.0,1.0,-0.3229030413676578,0.5358640261676786,0.8143410454402727,1.2018405460055135,-0.4577633754026536,-0.44569168032042383,0.0
104,30.0,1.0,-0.7117755212942991,-0.7063518121394173,0.42717101534617125,0.4646188981936659,-0.4577633754026536,-0.7443431994411182,0.0
105,8.0,1.0,-0.3229030413676578,0.2874208585062594,1.5886811056284773,0.6120632277560355,-0.4577633754026536,-0.44569168032042383,0.0
106,5.0,0.0,-0.4525272013432049,-2.693897153430771,1.9758511357225799,-0.3463249143993665,-0.4577633754026536,-0.44569168032042383,0.0
107,17.0,0.0,-0.3229030413676578,0.5358640261676786,1.3950960905814254,0.6120632277560355,-0.4577633754026536,-0.44569168032042383,0.0
108,15.0,0.0,1.2325868783389076,-0.20946547681657912,-0.7343390749361349,-0.05143625527462747,1.2153670969315211,1.0475659152830474,0.0
109,19.0,0.0,1.6214593582655488,-1.9485676504465133,-0.5407540598890838,-0.49376924396173605,1.2153670969315211,1.644868953524436,0.0
110,42.0,1.0,-0.06365472141656357,0.2874208585062594,-0.15358402979498229,0.3171745686312964,-0.4577633754026536,-0.44569168032042383,0.0
111,19.0,0.0,1.1029627183633604,0.03897769084484002,0.23358600029912005,0.4646188981936659,1.2153670969315211,0.7489143961623532,0.0
112,53.0,0.0,1.1029627183633604,-0.7063518121394173,-0.7343390749361349,-1.3784352213359532,1.2153670969315211,0.7489143961623532,0.0
113,29.0,0.0,-1.4895204811475817,0.03897769084484002,0.23358600029912005,2.012784358598546,-1.294328611569741,-1.3416462376825067,0.0
114,4.0,1.0,-0.582151361318752,-1.2032381474622558,0.04000098525206888,-0.7886579030864751,-0.4577633754026536,-0.14704016119972957,0.0
115,13.0,0.0,-1.748768801098676,-1.2032381474622558,2.943776210957835,0.3171745686312964,-2.130893847736828,-1.640297756803201,0.0
116,9.0,0.0,1.2325868783389076,-0.20946547681657912,-0.5407540598890838,-0.6412135735241056,1.2153670969315211,1.0475659152830474,0.0
117,36.0,1.0,-0.4525272013432049,0.7843071938290977,1.007926060487324,-1.2309908917735837,-0.4577633754026536,-0.44569168032042383,0.0
118,27.0,0.0,1.6214593582655488,-1.9485676504465133,-0.15358402979498229,0.022285909506557303,1.2153670969315211,1.644868953524436,0.0
119,3.0,0.0,-1.1006480012209405,0.03897769084484002,0.23358600029912005,0.9069518868807745,-0.4577633754026536,-1.0429947185618125,1.0
120,28.0,1.0,0.9733385583878132,0.5358640261676786,-1.5086791351243387,1.1281183812243287,1.2153670969315211,1.644868953524436,0.0
121,20.0,1.0,1.2325868783389076,-0.20946547681657912,-0.7343390749361349,-0.05143625527462747,1.2153670969315211,1.0475659152830474,0.0
122,44.0,0.0,-0.1932788813921107,-0.20946547681657912,0.42717101534617125,-1.6733238804606925,-0.4577633754026536,-0.44569168032042383,0.0
123,18.0,1.0,-0.1932788813921107,0.7843071938290977,1.201511075534375,0.16973023906892684,-0.4577633754026536,-0.44569168032042383,0.0
124,26.0,0.0,0.714090238436719,-0.20946547681657912,-0.7343390749361349,0.16973023906892684,0.3788018607644338,0.45026287704165896,0.0
125,30.0,1.0,1.2325868783389076,-0.20946547681657912,-0.9279240899831861,-0.198880584836997,1.2153670969315211,1.0475659152830474,0.0
126,15.0,0.0,1.1029627183633604,0.03897769084484002,0.23358600029912005,0.4646188981936659,1.2153670969315211,0.7489143961623532,0.0
127,16.0,1.0,-0.06365472141656357,-0.45790864447799823,-0.15358402979498229,-0.6412135735241056,-0.4577633754026536,-0.44569168032042383,0.0
128,37.0,1.0,-0.1932788813921107,-0.20946547681657912,0.6207560303932224,-1.5258795508983227,-0.4577633754026536,-0.44569168032042383,0.0
129,46.0,1.0,1.1029627183633604,-0.7063518121394173,-0.5407540598890838,-1.157268726992399,1.2153670969315211,0.7489143961623532,1.0
130,14.0,0.0,0.714090238436719,-0.20946547681657912,-0.3471690448420326,-0.5674914087429208,0.3788018607644338,0.45026287704165896,0.0
131,3.0,0.0,-0.3229030413676578,0.2874208585062594,1.5886811056284773,0.6120632277560355,-0.4577633754026536,-0.44569168032042383,0.0
132,40.0,1.0,-0.06365472141656357,0.2874208585062594,-0.15358402979498229,0.3171745686312964,-0.4577633754026536,-0.44569168032042383,0.0
133,44.0,1.0,-1.748768801098676,-1.2032381474622558,2.5566061808637324,-1.0098243974300294,-2.130893847736828,-1.640297756803201,0.0
134,5.0,0.0,0.9733385583878132,0.5358640261676786,-1.3150941200772877,-0.7149357383052903,1.2153670969315211,1.644868953524436,0.0
135,2.0,1.0,0.8437143984122661,-0.45790864447799823,0.42717101534617125,-1.7470460452418772,1.2153670969315211,1.0475659152830474,0.0
136,6.0,1.0,-0.4525272013432049,-2.693897153430771,1.9758511357225799,-0.3463249143993665,-0.4577633754026536,-0.44569168032042383,0.0
137,10.0,1.0,1.2325868783389076,-0.20946547681657912,-0.5407540598890838,-0.6412135735241056,1.2153670969315211,1.0475659152830474,0.0
138,32.0,0.0,0.8437143984122661,0.5358640261676786,-0.7343390749361349,1.8653400290361766,1.2153670969315211,1.0475659152830474,0.0
139,42.0,1.0,-0.582151361318752,0.03897769084484002,0.6207560303932224,0.3171745686312964,-0.4577633754026536,-0.14704016119972957,0.0
140,22.0,1.0,-0.4525272013432049,-2.693897153430771,1.201511075534375,-1.2309908917735837,-0.4577633754026536,-0.44569168032042383,0.0
141,36.0,1.0,-1.4895204811475817,0.03897769084484002,0.23358600029912005,-0.05143625527462747,-1.294328611569741,-1.3416462376825067,0.0
142,8.0,1.0,0.8437143984122661,-0.45790864447799823,0.23358600029912005,-1.157268726992399,1.2153670969315211,1.0475659152830474,0.0
143,44.0,1.0,-1.1006480012209405,0.5358640261676786,-0.7343390749361349,-0.12515842005581224,-0.4577633754026536,-1.0429947185618125,0.0
144,38.0,1.0,-0.3229030413676578,-0.45790864447799823,0.04000098525206888,-0.9361022326488447,-0.4577633754026536,-0.44569168032042383,0.0
145,15.0,0.0,-1.1006480012209405,1.0327503614905171,-0.3471690448420326,0.8332297220995898,-0.4577633754026536,-1.0429947185618125,0.0
146,36.0,1.0,-0.582151361318752,2.026523032136194,-0.3471690448420326,0.022285909506557303,-0.4577633754026536,-0.14704016119972957,0.0
147,50.0,1.0,1.1029627183633604,-0.7063518121394173,-0.7343390749361349,-1.3784352213359532,1.2153670969315211,0.7489143961623532,0.0
148,40.0,1.0,1.6214593582655488,2.026523032136194,-1.3150941200772877,-0.05143625527462747,1.2153670969315211,1.644868953524436,0.0
149,18.0,1.0,-0.4525272013432049,-2.693897153430771,1.201511075534375,0.2434524038501116,-0.4577633754026536,-0.44569168032042383,0.0
150,22.0,1.0,-0.06365472141656357,-0.45790864447799823,-0.5407540598890838,0.2434524038501116,-0.4577633754026536,-0.44569168032042383,0.0
151,48.0,1.0,-1.1006480012209405,0.5358640261676786,-0.7343390749361349,-0.12515842005581224,-0.4577633754026536,-1.0429947185618125,0.0
152,28.0,1.0,-0.4525272013432049,-2.693897153430771,1.201511075534375,-1.2309908917735837,-0.4577633754026536,-0.44569168032042383,0.0
153,12.0,1.0,-0.3229030413676578,0.5358640261676786,1.3950960905814254,0.6120632277560355,-0.4577633754026536,-0.44569168032042383,0.0
154,24.0,1.0,-1.4895204811475817,0.03897769084484002,0.23358600029912005,2.012784358598546,-1.294328611569741,-1.3416462376825067,0.0
155,14.0,1.0,-1.1006480012209405,1.0327503614905171,-0.3471690448420326,0.8332297220995898,-0.4577633754026536,-1.0429947185618125,0.0
156,33.0,1.0,-0.1932788813921107,-0.20946547681657912,0.6207560303932224,-1.5258795508983227,-0.4577633754026536,-0.44569168032042383,0.0
157,42.0,1.0,-0.3229030413676578,-0.45790864447799823,0.04000098525206888,-0.9361022326488447,-0.4577633754026536,-0.44569168032042383,0.0
158,1.0,0.0,-0.3229030413676578,0.2874208585062594,1.5886811056284773,0.6120632277560355,-0.4577633754026536,-0.44569168032042383,0.0
159,2.0,1.0,-0.3229030413676578,0.2874208585062594,1.5886811056284773,0.6120632277560355,-0.4577633754026536,-0.44569168032042383,0.0
160,28.0,1.0,-0.06365472141656357,-0.45790864447799823,-0.5407540598890838,0.2434524038501116,-0.4577633754026536,-0.44569168032042383,0.0
161,15.0,0.0,-0.06365472141656357,-0.45790864447799823,-0.15358402979498229,-0.6412135735241056,-0.4577633754026536,-0.44569168032042383,0.0
162,5.0,0.0,-1.4895204811475817,0.5358640261676786,1.007926060487324,1.717895699473807,-1.294328611569741,-1.3416462376825067,0.0
163,50.0,0.0,0.714090238436719,0.5358640261676786,-1.3150941200772877,3.5609498190034263,0.3788018607644338,0.45026287704165896,0.0
164,38.0,1.0,1.2325868783389076,0.03897769084484002,-0.9279240899831861,1.423007040349068,1.2153670969315211,1.0475659152830474,0.0
165,47.0,0.0,0.9733385583878132,0.5358640261676786,-1.895849165218441,1.2018405460055135,1.2153670969315211,1.644868953524436,0.0
166,26.0,1.0,-0.582151361318752,2.026523032136194,-0.7343390749361349,-0.7886579030864751,-0.4577633754026536,-0.14704016119972957,0.0
167,48.0,1.0,0.9733385583878132,0.5358640261676786,-1.895849165218441,1.2018405460055135,1.2153670969315211,1.644868953524436,0.0
168,20.0,1.0,-0.7117755212942991,-0.7063518121394173,1.007926060487324,1.5704513699114375,-0.4577633754026536,-0.7443431994411182,0.0
169,12.0,1.0,-0.582151361318752,2.026523032136194,-0.3471690448420326,-1.2309908917735837,-0.4577633754026536,-0.14704016119972957,0.0
170,4.0,1.0,0.714090238436719,-0.7063518121394173,-0.15358402979498229,-0.7149357383052903,0.3788018607644338,0.45026287704165896,0.0
171,4.0,1.0,-1.4895204811475817,0.5358640261676786,1.007926060487324,1.717895699473807,-1.294328611569741,-1.3416462376825067,0.0
172,9.0,0.0,0.9733385583878132,0.5358640261676786,-1.3150941200772877,-0.7149357383052903,1.2153670969315211,1.644868953524436,0.0
173,30.0,1.0,0.8437143984122661,-0.45790864447799823,-0.3471690448420326,0.2434524038501116,1.2153670969315211,1.0475659152830474,0.0
174,17.0,0.0,-0.06365472141656357,-0.45790864447799823,-0.15358402979498229,-0.6412135735241056,-0.4577633754026536,-0.44569168032042383,0.0
175,1.0,0.0,1.6214593582655488,-1.9485676504465133,0.42717101534617125,-0.7886579030864751,1.2153670969315211,1.644868953524436,0.0
176,8.0,1.0,0.9733385583878132,0.5358640261676786,-1.3150941200772877,-0.7149357383052903,1.2153670969315211,1.644868953524436,0.0
177,22.0,1.0,1.6214593582655488,-1.9485676504465133,-0.5407540598890838,-0.49376924396173605,1.2153670969315211,1.644868953524436,0.0
178,30.0,1.0,-0.582151361318752,2.026523032136194,-0.7343390749361349,-0.7886579030864751,-0.4577633754026536,-0.14704016119972957,0.0
179,13.0,0.0,1.6214593582655488,-1.9485676504465133,-0.3471690448420326,-1.0098243974300294,1.2153670969315211,1.644868953524436,0.0
180,26.0,1.0,0.8437143984122661,-0.45790864447799823,-0.3471690448420326,0.2434524038501116,1.2153670969315211,1.0475659152830474,0.0
181,22.0,1.0,-1.4895204811475817,0.03897769084484002,0.23358600029912005,2.012784358598546,-1.294328611569741,-1.3416462376825067,0.0
182,25.0,0.0,-0.1932788813921107,0.7843071938290977,0.6207560303932224,-0.8623800678676599,-0.4577633754026536,-0.44569168032042383,0.0
183,9.0,0.0,-0.1932788813921107,0.7843071938290977,1.3950960905814254,0.3171745686312964,-0.4577633754026536,-0.44569168032042383,0.0
184,43.0,0.0,-0.582151361318752,0.03897769084484002,0.6207560303932224,0.3171745686312964,-0.4577633754026536,-0.14704016119972957,0.0
185,36.0,0.0,-0.1932788813921107,-0.20946547681657912,0.6207560303932224,-1.5258795508983227,-0.4577633754026536,-0.44569168032042383,0.0
186,43.0,0.0,1.1029627183633604,-0.7063518121394173,-0.5407540598890838,-1.157268726992399,1.2153670969315211,0.7489143961623532,0.0
187,4.0,1.0,1.2325868783389076,-0.20946547681657912,-0.9279240899831861,-1.0835465622112141,1.2153670969315211,1.0475659152830474,0.0
188,16.0,1.0,-1.1006480012209405,1.0327503614905171,-0.3471690448420326,0.8332297220995898,-0.4577633754026536,-1.0429947185618125,0.0
189,10.0,1.0,0.9733385583878132,0.5358640261676786,-1.3150941200772877,-0.7149357383052903,1.2153670969315211,1.644868953524436,0.0
190,46.0,1.0,-1.1006480012209405,0.5358640261676786,-0.7343390749361349,-0.12515842005581224,-0.4577633754026536,-1.0429947185618125,0.0
191,30.0,1.0,1.1029627183633604,0.03897769084484002,-0.3471690448420326,-0.4200470791805513,1.2153670969315211,0.7489143961623532,0.0
192,19.0,0.0,-0.1932788813921107,0.7843071938290977,1.201511075534375,0.16973023906892684,-0.4577633754026536,-0.44569168032042383,0.0
193,4.0,1.0,-0.7117755212942991,0.03897769084484002,1.007926060487324,-0.05143625527462747,-0.4577633754026536,-0.7443431994411182,0.0
194,20.0,1.0,-0.1932788813921107,0.7843071938290977,1.201511075534375,0.16973023906892684,-0.4577633754026536,-0.44569168032042383,0.0
195,32.0,1.0,-0.06365472141656357,-0.45790864447799823,-0.3471690448420326,-0.05143625527462747,-0.4577633754026536,-0.44569168032042383,0.0
196,23.0,0.0,-0.1932788813921107,0.7843071938290977,0.6207560303932224,-0.8623800678676599,-0.4577633754026536,-0.44569168032042383,0.0
197,7.0,0.0,1.1029627183633604,0.03897769084484002,0.6207560303932224,0.022285909506557303,1.2153670969315211,0.7489143961623532,0.0
198,47.0,1.0,0.714090238436719,0.5358640261676786,-1.3150941200772877,0.6120632277560355,0.3788018607644338,0.45026287704165896,0.0
199,5.0,0.0,-1.748768801098676,0.5358640261676786,1.201511075534375,2.2339508529421,-2.130893847736828,-1.640297756803201,0.0
200,5.0,0.0,-0.06365472141656357,-0.45790864447799823,0.23358600029912005,-0.9361022326488447,-0.4577633754026536,-0.44569168032042383,0.0
201,27.0,0.0,-0.4525272013432049,-2.693897153430771,1.201511075534375,-1.2309908917735837,-0.4577633754026536,-0.44569168032042383,0.0
202,46.0,1.0,-0.3229030413676578,-0.45790864447799823,-0.15358402979498229,-1.6733238804606925,-0.4577633754026536,-0.44569168032042383,0.0
203,39.0,1.0,0.8437143984122661,0.5358640261676786,-0.7343390749361349,1.8653400290361766,1.2153670969315211,1.0475659152830474,0.0
204,29.0,0.0,-1.1006480012209405,1.0327503614905171,-0.5407540598890838,0.022285909506557303,-0.4577633754026536,-1.0429947185618125,0.0
205,49.0,0.0,-0.582151361318752,0.03897769084484002,0.6207560303932224,0.3171745686312964,-0.4577633754026536,-0.14704016119972957,0.0
206,22.0,1.0,-0.3229030413676578,0.5358640261676786,0.8143410454402727,1.2018405460055135,-0.4577633754026536,-0.44569168032042383,0.0
207,34.0,0.0,-0.1932788813921107,-0.20946547681657912,0.6207560303932224,-1.5258795508983227,-0.4577633754026536,-0.44569168032042383,0.0
208,15.0,0.0,-0.1932788813921107,0.7843071938290977,1.201511075534375,0.16973023906892684,-0.4577633754026536,-0.44569168032042383,1.0
209,18.0,1.0,-1.748768801098676,-1.2032381474622558,2.943776210957835,0.3171745686312964,-2.130893847736828,-1.640297756803201,0.0
210,32.0,0.0,-0.1932788813921107,-0.20946547681657912,0.6207560303932224,-1.5258795508983227,-0.4577633754026536,-0.44569168032042383,0.0
211,51.0,0.0,1.1029627183633604,-0.7063518121394173,-0.7343390749361349,-1.3784352213359532,1.2153670969315211,0.7489143961623532,0.0
212,43.0,1.0,0.714090238436719,0.5358640261676786,-1.3150941200772877,0.6120632277560355,0.3788018607644338,0.45026287704165896,0.0
213,48.0,1.0,-0.3229030413676578,-0.45790864447799823,-0.15358402979498229,-1.6733238804606925,-0.4577633754026536,-0.44569168032042383,0.0
214,51.0,1.0,0.8437143984122661,0.5358640261676786,-1.1215091050302373,1.8653400290361766,1.2153670969315211,1.0475659152830474,0.0
215,40.0,1.0,-0.7117755212942991,0.7843071938290977,0.23358600029912005,-1.0098243974300294,-0.4577633754026536,-0.7443431994411182,0.0
216,22.0,1.0,0.8437143984122661,-0.45790864447799823,0.04000098525206888,0.6120632277560355,1.2153670969315211,1.0475659152830474,0.0
217,50.0,1.0,-0.06365472141656357,0.2874208585062594,-0.5407540598890838,-0.12515842005581224,-0.4577633754026536,-0.44569168032042383,0.0
218,8.0,1.0,-0.06365472141656357,-0.45790864447799823,0.23358600029912005,-0.9361022326488447,-0.4577633754026536,-0.44569168032042383,1.0
219,11.0,0.0,1.2325868783389076,-0.20946547681657912,-0.5407540598890838,-0.6412135735241056,1.2153670969315211,1.0475659152830474,0.0
220,17.0,0.0,-0.7117755212942991,-0.7063518121394173,1.007926060487324,1.5704513699114375,-0.4577633754026536,-0.7443431994411182,0.0
221,34.0,0.0,0.8437143984122661,0.5358640261676786,-0.7343390749361349,1.8653400290361766,1.2153670969315211,1.0475659152830474,0.0
222,16.0,1.0,1.6214593582655488,-1.9485676504465133,-0.3471690448420326,-1.0098243974300294,1.2153670969315211,1.644868953524436,0.0
223,26.0,1.0,1.2325868783389076,-0.20946547681657912,-0.9279240899831861,-0.198880584836997,1.2153670969315211,1.0475659152830474,0.0
224,48.0,1.0,-0.582151361318752,0.03897769084484002,0.6207560303932224,0.3171745686312964,-0.4577633754026536,-0.14704016119972957,0.0
225,41.0,0.0,1.6214593582655488,2.026523032136194,-1.3150941200772877,-0.05143625527462747,1.2153670969315211,1.644868953524436,0.0
226,2.0,1.0,0.9733385583878132,0.5358640261676786,-1.3150941200772877,-0.7149357383052903,1.2153670969315211,1.644868953524436,0.0
227,34.0,1.0,-1.1006480012209405,1.0327503614905171,-0.5407540598890838,0.022285909506557303,-0.4577633754026536,-1.0429947185618125,0.0
228,5.0,0.0,1.2325868783389076,-0.20946547681657912,-0.9279240899831861,-1.0835465622112141,1.2153670969315211,1.0475659152830474,1.0
229,3.0,0.0,-0.7117755212942991,0.03897769084484002,1.007926060487324,-0.05143625527462747,-0.4577633754026536,-0.7443431994411182,0.0
230,20.0,1.0,-0.06365472141656357,-0.45790864447799823,-0.15358402979498229,-0.6412135735241056,-0.4577633754026536,-0.44569168032042383,0.0
231,38.0,1.0,1.6214593582655488,2.026523032136194,-1.3150941200772877,-0.05143625527462747,1.2153670969315211,1.644868953524436,0.0
232,50.0,1.0,-0.7117755212942991,0.7843071938290977,0.42717101534617125,-0.9361022326488447,-0.4577633754026536,-0.7443431994411182,0.0
233,7.0,0.0,0.9733385583878132,0.5358640261676786,-1.3150941200772877,-0.7149357383052903,1.2153670969315211,1.644868953524436,0.0
234,43.0,0.0,-1.1006480012209405,0.5358640261676786,-0.7343390749361349,-0.12515842005581224,-0.4577633754026536,-1.0429947185618125,0.0
235,7.0,0.0,1.2325868783389076,-0.20946547681657912,-0.5407540598890838,-0.6412135735241056,1.2153670969315211,1.0475659152830474,0.0
236,51.0,0.0,-0.582151361318752,0.03897769084484002,1.007926060487324,-0.05143625527462747,-0.4577633754026536,-0.14704016119972957,0.0
237,8.0,1.0,1.1029627183633604,0.03897769084484002,0.6207560303932224,0.022285909506557303,1.2153670969315211,0.7489143961623532,0.0
238,4.0,1.0,0.8437143984122661,-0.45790864447799823,0.42717101534617125,-1.7470460452418772,1.2153670969315211,1.0475659152830474,1.0
239,6.0,1.0,-0.1932788813921107,0.7843071938290977,1.3950960905814254,0.3171745686312964,-0.4577633754026536,-0.44569168032042383,0.0
240,49.0,1.0,0.714090238436719,0.5358640261676786,-1.3150941200772877,3.5609498190034263,0.3788018607644338,0.45026287704165896,0.0
241,34.0,1.0,-0.7117755212942991,-0.7063518121394173,0.42717101534617125,-0.12515842005581224,-0.4577633754026536,-0.7443431994411182,0.0
242,54.0,1.0,-0.06365472141656357,0.2874208585062594,-0.5407540598890838,-0.12515842005581224,-0.4577633754026536,-0.44569168032042383,0.0
243,32.0,1.0,-0.4525272013432049,0.7843071938290977,1.007926060487324,-1.2309908917735837,-0.4577633754026536,-0.44569168032042383,0.0
244,47.0,0.0,-0.3229030413676578,-0.45790864447799823,-0.15358402979498229,-1.6733238804606925,-0.4577633754026536,-0.44569168032042383,0.0
245,12.0,1.0,-1.1006480012209405,1.0327503614905171,-0.3471690448420326,0.8332297220995898,-0.4577633754026536,-1.0429947185618125,0.0
246,40.0,1.0,-1.748768801098676,-1.2032381474622558,2.5566061808637324,-1.0098243974300294,-2.130893847736828,-1.640297756803201,0.0
247,20.0,1.0,0.9733385583878132,0.5358640261676786,-1.5086791351243387,0.09600807428774207,1.2153670969315211,1.644868953524436,0.0
248,24.0,1.0,-0.7117755212942991,-0.7063518121394173,0.42717101534617125,0.4646188981936659,-0.4577633754026536,-0.7443431994411182,0.0
249,40.0,0.0,0.8437143984122661,0.5358640261676786,-1.1215091050302373,1.349284875567883,1.2153670969315211,1.0475659152830474,0.0
250,43.0,0.0,1.2325868783389076,0.03897769084484002,-0.9279240899831861,0.09600807428774207,1.2153670969315211,1.0475659152830474,1.0
251,22.0,1.0,-0.582151361318752,2.026523032136194,-0.5407540598890838,-0.05143625527462747,-0.4577633754026536,-0.14704016119972957,0.0
252,47.0,1.0,-0.1932788813921107,-0.20946547681657912,0.42717101534617125,-1.6733238804606925,-0.4577633754026536,-0.44569168032042383,1.0
253,1.0,0.0,1.2325868783389076,-0.20946547681657912,-0.9279240899831861,-1.0835465622112141,1.2153670969315211,1.0475659152830474,0.0
254,52.0,1.0,-0.4525272013432049,0.7843071938290977,-0.7343390749361349,-1.3784352213359532,-0.4577633754026536,-0.44569168032042383,0.0
255,52.0,1.0,1.1029627183633604,-0.7063518121394173,-0.7343390749361349,-1.3784352213359532,1.2153670969315211,0.7489143961623532,0.0
256,6.0,1.0,-0.3229030413676578,0.2874208585062594,1.5886811056284773,0.6120632277560355,-0.4577633754026536,-0.44569168032042383,0.0
257,15.0,0.0,0.9733385583878132,0.5358640261676786,-1.3150941200772877,-0.9361022326488447,1.2153670969315211,1.644868953524436,0.0
258,8.0,1.0,-0.4525272013432049,-2.693897153430771,1.9758511357225799,-0.3463249143993665,-0.4577633754026536,-0.44569168032042383,0.0
259,21.0,0.0,0.8437143984122661,-0.45790864447799823,0.04000098525206888,0.6120632277560355,1.2153670969315211,1.0475659152830474,0.0
260,33.0,1.0,0.8437143984122661,0.5358640261676786,-0.7343390749361349,1.8653400290361766,1.2153670969315211,1.0475659152830474,0.0
261,26.0,1.0,-1.1006480012209405,1.0327503614905171,-0.5407540598890838,0.022285909506557303,-0.4577633754026536,-1.0429947185618125,0.0
262,47.0,1.0,0.8437143984122661,0.5358640261676786,-1.1215091050302373,1.349284875567883,1.2153670969315211,1.0475659152830474,0.0
263,50.0,1.0,-1.748768801098676,-1.2032381474622558,0.04000098525206888,-0.7886579030864751,-2.130893847736828,-1.640297756803201,0.0
264,39.0,0.0,1.6214593582655488,2.026523032136194,-1.3150941200772877,-0.05143625527462747,1.2153670969315211,1.644868953524436,0.0
265,6.0,1.0,-0.582151361318752,-1.2032381474622558,0.04000098525206888,-0.7886579030864751,-0.4577633754026536,-0.14704016119972957,0.0
266,44.0,1.0,-0.7117755212942991,0.7843071938290977,0.23358600029912005,-1.0098243974300294,-0.4577633754026536,-0.7443431994411182,0.0
267,10.0,1.0,-0.06365472141656357,-0.45790864447799823,0.23358600029912005,-0.9361022326488447,-0.4577633754026536,-0.44569168032042383,0.0
268,41.0,0.0,1.2325868783389076,0.03897769084484002,-0.9279240899831861,0.09600807428774207,1.2153670969315211,1.0475659152830474,0.0
269,9.0,0.0,-0.582151361318752,2.026523032136194,-0.3471690448420326,-1.2309908917735837,-0.4577633754026536,-0.14704016119972957,0.0
270,16.0,1.0,0.9733385583878132,0.5358640261676786,-1.3150941200772877,-0.9361022326488447,1.2153670969315211,1.644868953524436,0.0
271,31.0,0.0,-0.7117755212942991,-0.7063518121394173,0.42717101534617125,-0.12515842005581224,-0.4577633754026536,-0.7443431994411182,1.0
272,3.0,0.0,-0.4525272013432049,0.5358640261676786,-1.1215091050302373,1.8653400290361766,-0.4577633754026536,-0.44569168032042383,0.0
273,41.0,0.0,-0.582151361318752,0.03897769084484002,0.6207560303932224,0.3171745686312964,-0.4577633754026536,-0.14704016119972957,0.0
274,18.0,1.0,1.6214593582655488,-1.9485676504465133,-0.3471690448420326,-1.0098243974300294,1.2153670969315211,1.644868953524436,0.0
275,17.0,1.0,0.714090238436719,-0.20946547681657912,-0.3471690448420326,-0.5674914087429208,0.3788018607644338,0.45026287704165896,0.0
276,21.0,0.0,-0.06365472141656357,-0.45790864447799823,-0.5407540598890838,0.2434524038501116,-0.4577633754026536,-0.44569168032042383,0.0
277,3.0,0.0,-1.748768801098676,0.5358640261676786,-1.3150941200772877,3.5609498190034263,-2.130893847736828,-1.640297756803201,0.0
278,19.0,0.0,1.2325868783389076,-0.20946547681657912,-0.7343390749361349,-0.05143625527462747,1.2153670969315211,1.0475659152830474,0.0
279,50.0,1.0,1.2325868783389076,0.03897769084484002,0.23358600029912005,0.9069518868807745,1.2153670969315211,1.0475659152830474,0.0
280,42.0,1.0,1.1029627183633604,-0.7063518121394173,-0.5407540598890838,-1.157268726992399,1.2153670969315211,0.7489143961623532,0.0
281,43.0,0.0,1.6214593582655488,2.026523032136194,-1.5086791351243387,0.09600807428774207,1.2153670969315211,1.644868953524436,0.0
282,31.0,0.0,-1.4895204811475817,0.03897769084484002,0.23358600029912005,-0.05143625527462747,-1.294328611569741,-1.3416462376825067,1.0
283,23.0,0.0,1.6214593582655488,-1.9485676504465133,-0.5407540598890838,-0.49376924396173605,1.2153670969315211,1.644868953524436,0.0
284,35.0,0.0,0.9733385583878132,0.5358640261676786,-1.5086791351243387,1.1281183812243287,1.2153670969315211,1.644868953524436,0.0
285,22.0,1.0,0.9733385583878132,0.5358640261676786,-1.5086791351243387,0.09600807428774207,1.2153670969315211,1.644868953524436,0.0
286,38.0,1.0,-1.748768801098676,-1.2032381474622558,2.7501911959107828,-0.6412135735241056,-2.130893847736828,-1.640297756803201,0.0
287,53.0,0.0,-0.06365472141656357,0.2874208585062594,-0.5407540598890838,-0.12515842005581224,-0.4577633754026536,-0.44569168032042383,0.0
288,36.0,0.0,0.714090238436719,-0.20946547681657912,-1.1215091050302373,0.39089673341248116,0.3788018607644338,0.45026287704165896,0.0
289,6.0,1.0,1.6214593582655488,-1.9485676504465133,0.42717101534617125,-0.7886579030864751,1.2153670969315211,1.644868953524436,0.0
290,9.0,0.0,-0.3229030413676578,0.5358640261676786,1.3950960905814254,0.6120632277560355,-0.4577633754026536,-0.44569168032042383,0.0
291,37.0,0.0,0.9733385583878132,0.5358640261676786,-1.5086791351243387,1.349284875567883,1.2153670969315211,1.644868953524436,0.0
292,45.0,0.0,-1.1006480012209405,0.5358640261676786,-0.7343390749361349,-0.12515842005581224,-0.4577633754026536,-1.0429947185618125,0.0
293,39.0,1.0,0.714090238436719,-0.20946547681657912,-1.1215091050302373,0.39089673341248116,0.3788018607644338,0.45026287704165896,0.0
294,3.0,0.0,0.8437143984122661,-0.45790864447799823,0.42717101534617125,-1.7470460452418772,1.2153670969315211,1.0475659152830474,1.0
295,54.0,1.0,1.1029627183633604,-0.7063518121394173,-0.7343390749361349,-1.3784352213359532,1.2153670969315211,0.7489143961623532,0.0
296,9.0,0.0,1.1029627183633604,0.03897769084484002,0.6207560303932224,0.022285909506557303,1.2153670969315211,0.7489143961623532,0.0
297,6.0,1.0,-0.06365472141656357,-0.45790864447799823,0.23358600029912005,-0.9361022326488447,-0.4577633754026536,-0.44569168032042383,0.0
298,18.0,1.0,0.9733385583878132,0.5358640261676786,-1.3150941200772877,-0.9361022326488447,1.2153670969315211,1.644868953524436,0.0
299,8.0,1.0,-0.7117755212942991,0.03897769084484002,0.8143410454402727,1.2755627107866983,-0.4577633754026536,-0.7443431994411182,0.0
300,43.0,0.0,-1.4895204811475817,-0.7063518121394173,0.04000098525206888,-0.05143625527462747,-1.294328611569741,-1.3416462376825067,0.0
301,42.0,1.0,-0.4525272013432049,0.7843071938290977,-0.7343390749361349,-1.3047130565547684,-0.4577633754026536,-0.44569168032042383,0.0
302,3.0,0.0,1.1029627183633604,0.03897769084484002,0.6207560303932224,0.022285909506557303,1.2153670969315211,0.7489143961623532,0.0
303,3.0,0.0,0.714090238436719,-0.7063518121394173,-0.15358402979498229,-0.7149357383052903,0.3788018607644338,0.45026287704165896,0.0
304,10.0,1.0,-0.582151361318752,2.026523032136194,-0.3471690448420326,-1.2309908917735837,-0.4577633754026536,-0.14704016119972957,0.0
305,7.0,0.0,-0.3229030413676578,0.2874208585062594,1.5886811056284773,0.6120632277560355,-0.4577633754026536,-0.44569168032042383,0.0
306,7.0,0.0,-0.06365472141656357,-0.45790864447799823,0.23358600029912005,-0.9361022326488447,-0.4577633754026536,-0.44569168032042383,1.0
307,40.0,0.0,0.714090238436719,0.5358640261676786,-1.3150941200772877,0.6120632277560355,0.3788018607644338,0.45026287704165896,0.0
308,48.0,1.0,-0.4525272013432049,0.7843071938290977,-0.7343390749361349,-1.3784352213359532,-0.4577633754026536,-0.44569168032042383,0.0
309,13.0,0.0,-0.7117755212942991,-0.7063518121394173,1.007926060487324,1.5704513699114375,-0.4577633754026536,-0.7443431994411182,0.0
310,2.0,1.0,-1.748768801098676,0.5358640261676786,-1.3150941200772877,3.5609498190034263,-2.130893847736828,-1.640297756803201,0.0
311,13.0,1.0,0.714090238436719,-0.20946547681657912,-0.5407540598890838,-0.8623800678676599,0.3788018607644338,0.45026287704165896,0.0
312,1.0,0.0,-0.7117755212942991,0.03897769084484002,1.007926060487324,-0.05143625527462747,-0.4577633754026536,-0.7443431994411182,0.0
313,35.0,0.0,-0.7117755212942991,-0.7063518121394173,0.42717101534617125,-0.12515842005581224,-0.4577633754026536,-0.7443431994411182,0.0
314,46.0,1.0,-0.7117755212942991,0.7843071938290977,0.23358600029912005,-1.0098243974300294,-0.4577633754026536,-0.7443431994411182,0.0
315,1.0,0.0,0.8437143984122661,-0.45790864447799823,0.42717101534617125,-1.7470460452418772,1.2153670969315211,1.0475659152830474,0.0
316,6.0,1.0,-1.4895204811475817,0.5358640261676786,1.007926060487324,1.717895699473807,-1.294328611569741,-1.3416462376825067,0.0
317,20.0,1.0,1.1029627183633604,0.03897769084484002,0.23358600029912005,0.4646188981936659,1.2153670969315211,0.7489143961623532,0.0
318,31.0,0.0,-0.3229030413676578,0.5358640261676786,0.42717101534617125,-0.49376924396173605,-0.4577633754026536,-0.44569168032042383,0.0
319,52.0,1.0,-0.7117755212942991,0.7843071938290977,0.42717101534617125,-0.9361022326488447,-0.4577633754026536,-0.7443431994411182,1.0
320,38.0,0.0,0.8437143984122661,0.5358640261676786,-0.7343390749361349,1.8653400290361766,1.2153670969315211,1.0475659152830474,0.0
321,14.0,1.0,-0.3229030413676578,0.5358640261676786,1.3950960905814254,0.6120632277560355,-0.4577633754026536,-0.44569168032042383,0.0
322,11.0,0.0,-1.1006480012209405,1.0327503614905171,-0.3471690448420326,0.8332297220995898,-0.4577633754026536,-1.0429947185618125,0.0
323,12.0,1.0,0.9733385583878132,0.5358640261676786,-1.3150941200772877,-0.9361022326488447,1.2153670969315211,1.644868953524436,0.0
324,28.0,1.0,-0.7117755212942991,-0.7063518121394173,0.42717101534617125,0.4646188981936659,-0.4577633754026536,-0.7443431994411182,0.0
325,40.0,0.0,-0.1932788813921107,-0.20946547681657912,0.42717101534617125,-1.6733238804606925,-0.4577633754026536,-0.44569168032042383,0.0
326,33.0,0.0,-1.4895204811475817,0.03897769084484002,0.23358600029912005,-0.05143625527462747,-1.294328611569741,-1.3416462376825067,1.0
327,50.0,1.0,-1.4895204811475817,-0.7063518121394173,-0.15358402979498229,-0.7149357383052903,-1.294328611569741,-1.3416462376825067,0.0
328,17.0,0.0,-1.1006480012209405,1.0327503614905171,-0.7343390749361349,1.054396216443144,-0.4577633754026536,-1.0429947185618125,0.0
329,16.0,1.0,-0.582151361318752,2.026523032136194,-0.5407540598890838,-0.05143625527462747,-0.4577633754026536,-0.14704016119972957,0.0
330,36.0,1.0,-0.7117755212942991,-0.7063518121394173,0.42717101534617125,-0.12515842005581224,-0.4577633754026536,-0.7443431994411182,0.0
331,29.0,0.0,1.6214593582655488,-1.9485676504465133,-0.15358402979498229,0.022285909506557303,1.2153670969315211,1.644868953524436,0.0
332,24.0,1.0,1.2325868783389076,-0.20946547681657912,-0.9279240899831861,-0.198880584836997,1.2153670969315211,1.0475659152830474,0.0
333,50.0,1.0,-0.582151361318752,0.03897769084484002,0.6207560303932224,0.3171745686312964,-0.4577633754026536,-0.14704016119972957,0.0
334,24.0,1.0,-1.748768801098676,-1.2032381474622558,2.5566061808637324,0.2434524038501116,-2.130893847736828,-1.640297756803201,0.0
335,12.0,1.0,-0.7117755212942991,0.03897769084484002,0.8143410454402727,1.2755627107866983,-0.4577633754026536,-0.7443431994411182,0.0
336,47.0,0.0,-0.06365472141656357,0.2874208585062594,-0.5407540598890838,-0.12515842005581224,-0.4577633754026536,-0.44569168032042383,0.0
337,1.0,0.0,0.9733385583878132,0.5358640261676786,-0.7343390749361349,-0.12515842005581224,1.2153670969315211,1.644868953524436,0.0
338,37.0,0.0,-0.06365472141656357,-0.45790864447799823,-0.3471690448420326,-0.05143625527462747,-0.4577633754026536,-0.44569168032042383,0.0
339,4.0,1.0,1.1029627183633604,0.03897769084484002,0.6207560303932224,0.022285909506557303,1.2153670969315211,0.7489143961623532,0.0
340,19.0,0.0,-0.582151361318752,2.026523032136194,-0.5407540598890838,-0.05143625527462747,-0.4577633754026536,-0.14704016119972957,0.0
341,52.0,1.0,1.6214593582655488,2.026523032136194,0.23358600029912005,-0.05143625527462747,1.2153670969315211,1.644868953524436,0.0
342,41.0,1.0,-0.1932788813921107,-0.20946547681657912,0.42717101534617125,-1.6733238804606925,-0.4577633754026536,-0.44569168032042383,0.0
343,45.0,0.0,-0.4525272013432049,0.7843071938290977,-0.7343390749361349,-1.3047130565547684,-0.4577633754026536,-0.44569168032042383,0.0
344,25.0,0.0,-0.7117755212942991,-0.7063518121394173,0.42717101534617125,0.4646188981936659,-0.4577633754026536,-0.7443431994411182,0.0
345,31.0,0.0,0.9733385583878132,0.5358640261676786,-1.5086791351243387,1.1281183812243287,1.2153670969315211,1.644868953524436,0.0
346,36.0,1.0,-0.06365472141656357,-0.45790864447799823,-0.3471690448420326,-0.05143625527462747,-0.4577633754026536,-0.44569168032042383,0.0
347,22.0,1.0,-0.7117755212942991,-0.7063518121394173,0.42717101534617125,0.4646188981936659,-0.4577633754026536,-0.7443431994411182,0.0
348,53.0,0.0,-0.582151361318752,0.03897769084484002,1.007926060487324,-0.05143625527462747,-0.4577633754026536,-0.14704016119972957,0.0
349,28.0,0.0,0.714090238436719,-0.20946547681657912,-0.7343390749361349,0.16973023906892684,0.3788018607644338,0.45026287704165896,0.0
350,3.0,0.0,0.9733385583878132,0.5358640261676786,-1.3150941200772877,-0.7149357383052903,1.2153670969315211,1.644868953524436,0.0
351,51.0,0.0,-0.3229030413676578,-0.45790864447799823,-0.15358402979498229,-1.6733238804606925,-0.4577633754026536,-0.44569168032042383,0.0
352,47.0,0.0,-1.1006480012209405,0.5358640261676786,-0.7343390749361349,-0.12515842005581224,-0.4577633754026536,-1.0429947185618125,0.0
353,26.0,1.0,-1.4895204811475817,0.03897769084484002,0.23358600029912005,2.012784358598546,-1.294328611569741,-1.3416462376825067,0.0
354,24.0,1.0,-1.1006480012209405,1.0327503614905171,-0.7343390749361349,1.054396216443144,-0.4577633754026536,-1.0429947185618125,0.0
355,42.0,0.0,-0.1932788813921107,-0.20946547681657912,0.42717101534617125,-1.6733238804606925,-0.4577633754026536,-0.44569168032042383,0.0
356,48.0,0.0,0.8437143984122661,0.5358640261676786,-1.1215091050302373,1.8653400290361766,1.2153670969315211,1.0475659152830474,0.0
357,18.0,1.0,-0.3229030413676578,0.5358640261676786,1.3950960905814254,0.6120632277560355,-0.4577633754026536,-0.44569168032042383,0.0
358,11.0,0.0,1.1029627183633604,0.03897769084484002,0.6207560303932224,0.022285909506557303,1.2153670969315211,0.7489143961623532,0.0
359,35.0,0.0,-1.4895204811475817,0.03897769084484002,0.23358600029912005,-0.05143625527462747,-1.294328611569741,-1.3416462376825067,0.0
360,4.0,1.0,-0.4525272013432049,0.5358640261676786,-1.1215091050302373,1.8653400290361766,-0.4577633754026536,-0.44569168032042383,0.0
361,19.0,0.0,-1.748768801098676,-1.2032381474622558,2.943776210957835,0.3171745686312964,-2.130893847736828,-1.640297756803201,1.0
362,38.0,1.0,-0.7117755212942991,-0.7063518121394173,0.42717101534617125,-0.12515842005581224,-0.4577633754026536,-0.7443431994411182,0.0
363,17.0,0.0,-1.748768801098676,-1.2032381474622558,2.943776210957835,0.3171745686312964,-2.130893847736828,-1.640297756803201,0.0
364,2.0,1.0,-0.582151361318752,-1.2032381474622558,0.04000098525206888,-0.7886579030864751,-0.4577633754026536,-0.14704016119972957,0.0
365,44.0,1.0,0.9733385583878132,0.5358640261676786,-1.5086791351243387,1.349284875567883,1.2153670969315211,1.644868953524436,0.0
366,34.0,1.0,1.1029627183633604,0.03897769084484002,-0.3471690448420326,-0.4200470791805513,1.2153670969315211,0.7489143961623532,0.0
367,1.0,0.0,-1.4895204811475817,0.5358640261676786,-1.895849165218441,1.2018405460055135,-1.294328611569741,-1.3416462376825067,0.0
368,45.0,1.0,-0.1932788813921107,-0.20946547681657912,0.42717101534617125,-1.6733238804606925,-0.4577633754026536,-0.44569168032042383,0.0
369,40.0,1.0,-0.4525272013432049,0.7843071938290977,-0.7343390749361349,-1.3047130565547684,-0.4577633754026536,-0.44569168032042383,0.0
370,33.0,0.0,-1.1006480012209405,1.0327503614905171,-0.5407540598890838,0.022285909506557303,-0.4577633754026536,-1.0429947185618125,0.0
371,17.0,0.0,-0.582151361318752,2.026523032136194,-0.5407540598890838,-0.05143625527462747,-0.4577633754026536,-0.14704016119972957,0.0
372,6.0,1.0,-0.7117755212942991,0.03897769084484002,0.8143410454402727,1.2755627107866983,-0.4577633754026536,-0.7443431994411182,0.0
373,24.0,1.0,0.9733385583878132,0.5358640261676786,-1.5086791351243387,0.09600807428774207,1.2153670969315211,1.644868953524436,0.0
374,39.0,0.0,-1.748768801098676,-1.2032381474622558,2.5566061808637324,-1.0098243974300294,-2.130893847736828,-1.640297756803201,0.0
375,8.0,1.0,1.6214593582655488,-1.9485676504465133,0.42717101534617125,-0.7886579030864751,1.2153670969315211,1.644868953524436,0.0
376,42.0,1.0,-1.1006480012209405,0.5358640261676786,-0.5407540598890838,0.022285909506557303,-0.4577633754026536,-1.0429947185618125,0.0
377,13.0,0.0,1.2325868783389076,-0.20946547681657912,-0.5407540598890838,-0.6412135735241056,1.2153670969315211,1.0475659152830474,0.0
378,14.0,1.0,1.1029627183633604,0.03897769084484002,0.23358600029912005,0.4646188981936659,1.2153670969315211,0.7489143961623532,0.0
379,5.0,0.0,-0.1932788813921107,2.026523032136194,0.23358600029912005,-0.05143625527462747,-0.4577633754026536,-0.44569168032042383,0.0
380,1.0,0.0,0.714090238436719,-0.7063518121394173,-0.15358402979498229,-0.7149357383052903,0.3788018607644338,0.45026287704165896,0.0
381,22.0,1.0,-1.748768801098676,-1.2032381474622558,2.5566061808637324,0.2434524038501116,-2.130893847736828,-1.640297756803201,0.0
382,14.0,1.0,0.8437143984122661,-0.45790864447799823,0.23358600029912005,-1.157268726992399,1.2153670969315211,1.0475659152830474,0.0
383,41.0,0.0,-1.4895204811475817,-0.7063518121394173,0.04000098525206888,-0.05143625527462747,-1.294328611569741,-1.3416462376825067,0.0
384,41.0,0.0,-0.4525272013432049,0.7843071938290977,-0.7343390749361349,-1.3047130565547684,-0.4577633754026536,-0.44569168032042383,0.0
385,11.0,0.0,-0.582151361318752,2.026523032136194,-0.3471690448420326,-1.2309908917735837,-0.4577633754026536,-0.14704016119972957,0.0
386,52.0,0.0,0.8437143984122661,0.5358640261676786,-1.1215091050302373,1.8653400290361766,1.2153670969315211,1.0475659152830474,0.0
387,33.0,0.0,-0.06365472141656357,-0.45790864447799823,-0.3471690448420326,-0.05143625527462747,-0.4577633754026536,-0.44569168032042383,0.0
388,29.0,1.0,-0.1932788813921107,0.7843071938290977,0.6207560303932224,-0.8623800678676599,-0.4577633754026536,-0.44569168032042383,0.0
389,50.0,0.0,0.8437143984122661,0.5358640261676786,-1.1215091050302373,1.8653400290361766,1.2153670969315211,1.0475659152830474,0.0
390,28.0,1.0,-0.582151361318752,2.026523032136194,-0.7343390749361349,-0.7886579030864751,-0.4577633754026536,-0.14704016119972957,0.0
391,5.0,0.0,-0.3229030413676578,0.2874208585062594,1.5886811056284773,0.6120632277560355,-0.4577633754026536,-0.44569168032042383,0.0
392,33.0,0.0,-0.582151361318752,2.026523032136194,-0.3471690448420326,0.022285909506557303,-0.4577633754026536,-0.14704016119972957,0.0
393,42.0,1.0,-1.748768801098676,-1.2032381474622558,2.5566061808637324,-1.0098243974300294,-2.130893847736828,-1.640297756803201,0.0
394,10.0,1.0,-0.1932788813921107,0.7843071938290977,1.3950960905814254,0.3171745686312964,-0.4577633754026536,-0.44569168032042383,0.0
395,8.0,1.0,-0.582151361318752,2.026523032136194,-0.3471690448420326,-1.2309908917735837,-0.4577633754026536,-0.14704016119972957,0.0
396,20.0,1.0,-1.748768801098676,-1.2032381474622558,2.943776210957835,0.3171745686312964,-2.130893847736828,-1.640297756803201,0.0
397,35.0,1.0,-0.1932788813921107,-0.20946547681657912,0.6207560303932224,-1.5258795508983227,-0.4577633754026536,-0.44569168032042383,0.0
398,14.0,1.0,-1.748768801098676,-1.2032381474622558,2.943776210957835,0.3171745686312964,-2.130893847736828,-1.640297756803201,0.0
399,49.0,0.0,1.6214593582655488,2.026523032136194,0.23358600029912005,-0.05143625527462747,1.2153670969315211,1.644868953524436,0.0
400,10.0,1.0,0.8437143984122661,-0.45790864447799823,0.23358600029912005,-1.157268726992399,1.2153670969315211,1.0475659152830474,0.0
401,2.0,1.0,-0.4525272013432049,0.5358640261676786,-1.1215091050302373,1.8653400290361766,-0.4577633754026536,-0.44569168032042383,0.0
402,11.0,0.0,-1.4895204811475817,0.5358640261676786,1.007926060487324,1.717895699473807,-1.294328611569741,-1.3416462376825067,0.0
403,41.0,0.0,-0.06365472141656357,0.2874208585062594,-0.15358402979498229,0.3171745686312964,-0.4577633754026536,-0.44569168032042383,0.0
404,46.0,1.0,0.9733385583878132,0.5358640261676786,-1.895849165218441,1.2018405460055135,1.2153670969315211,1.644868953524436,0.0
405,41.0,1.0,0.8437143984122661,0.5358640261676786,-1.1215091050302373,1.349284875567883,1.2153670969315211,1.0475659152830474,0.0
406,4.0,1.0,-0.1932788813921107,2.026523032136194,0.23358600029912005,-0.05143625527462747,-0.4577633754026536,-0.44569168032042383,0.0
407,49.0,0.0,-0.7117755212942991,0.7843071938290977,0.42717101534617125,-0.9361022326488447,-0.4577633754026536,-0.7443431994411182,0.0
408,33.0,0.0,-1.748768801098676,-1.2032381474622558,2.7501911959107828,-0.6412135735241056,-2.130893847736828,-1.640297756803201,0.0
409,23.0,0.0,-1.4895204811475817,0.03897769084484002,0.23358600029912005,2.012784358598546,-1.294328611569741,-1.3416462376825067,0.0
410,45.0,1.0,1.6214593582655488,2.026523032136194,-1.5086791351243387,0.09600807428774207,1.2153670969315211,1.644868953524436,0.0
411,7.0,0.0,-0.582151361318752,2.026523032136194,-0.3471690448420326,-1.2309908917735837,-0.4577633754026536,-0.14704016119972957,0.0
412,4.0,1.0,-0.06365472141656357,-0.45790864447799823,0.23358600029912005,-0.9361022326488447,-0.4577633754026536,-0.44569168032042383,0.0
413,27.0,0.0,1.2325868783389076,-0.20946547681657912,-0.9279240899831861,-0.198880584836997,1.2153670969315211,1.0475659152830474,0.0
414,47.0,1.0,1.6214593582655488,2.026523032136194,-1.5086791351243387,0.09600807428774207,1.2153670969315211,1.644868953524436,1.0
415,42.0,0.0,0.714090238436719,0.5358640261676786,-1.3150941200772877,0.6120632277560355,0.3788018607644338,0.45026287704165896,0.0
416,44.0,1.0,-0.4525272013432049,0.7843071938290977,-0.7343390749361349,-1.3047130565547684,-0.4577633754026536,-0.44569168032042383,0.0
417,1.0,0.0,-1.748768801098676,0.5358640261676786,-1.3150941200772877,3.5609498190034263,-2.130893847736828,-1.640297756803201,0.0
418,9.0,0.0,-1.4895204811475817,0.5358640261676786,1.007926060487324,1.717895699473807,-1.294328611569741,-1.3416462376825067,0.0
419,26.0,1.0,-0.4525272013432049,-2.693897153430771,1.201511075534375,-1.2309908917735837,-0.4577633754026536,-0.44569168032042383,0.0
420,32.0,1.0,-1.1006480012209405,1.0327503614905171,-0.5407540598890838,0.022285909506557303,-0.4577633754026536,-1.0429947185618125,0.0
421,15.0,0.0,-0.4525272013432049,-2.693897153430771,1.201511075534375,0.2434524038501116,-0.4577633754026536,-0.44569168032042383,0.0
422,35.0,0.0,-0.3229030413676578,-0.45790864447799823,0.04000098525206888,-0.9361022326488447,-0.4577633754026536,-0.44569168032042383,0.0
423,25.0,0.0,-0.582151361318752,2.026523032136194,-0.7343390749361349,-0.7886579030864751,-0.4577633754026536,-0.14704016119972957,0.0
424,48.0,1.0,-0.7117755212942991,0.7843071938290977,0.23358600029912005,-1.0098243974300294,-0.4577633754026536,-0.7443431994411182,0.0
425,15.0,0.0,0.8437143984122661,-0.45790864447799823,0.04000098525206888,0.6120632277560355,1.2153670969315211,1.0475659152830474,0.0
426,48.0,1.0,1.2325868783389076,0.03897769084484002,-0.9279240899831861,0.09600807428774207,1.2153670969315211,1.0475659152830474,0.0
427,38.0,1.0,1.1029627183633604,-0.7063518121394173,-0.5407540598890838,-1.157268726992399,1.2153670969315211,0.7489143961623532,0.0
428,12.0,1.0,1.1029627183633604,0.03897769084484002,0.23358600029912005,0.4646188981936659,1.2153670969315211,0.7489143961623532,0.0
429,9.0,0.0,-1.748768801098676,0.5358640261676786,1.201511075534375,2.2339508529421,-2.130893847736828,-1.640297756803201,0.0
430,21.0,0.0,-0.7117755212942991,-0.7063518121394173,1.007926060487324,1.5704513699114375,-0.4577633754026536,-0.7443431994411182,0.0
431,1.0,0.0,-0.4525272013432049,0.5358640261676786,-1.1215091050302373,1.8653400290361766,-0.4577633754026536,-0.44569168032042383,0.0
432,33.0,0.0,-0.3229030413676578,0.5358640261676786,0.42717101534617125,-0.49376924396173605,-0.4577633754026536,-0.44569168032042383,0.0
433,23.0,0.0,-0.7117755212942991,-0.7063518121394173,0.42717101534617125,0.4646188981936659,-0.4577633754026536,-0.7443431994411182,0.0
434,20.0,1.0,1.6214593582655488,-1.9485676504465133,-0.5407540598890838,-0.49376924396173605,1.2153670969315211,1.644868953524436,0.0
435,21.0,0.0,-0.582151361318752,2.026523032136194,-0.5407540598890838,-0.05143625527462747,-0.4577633754026536,-0.14704016119972957,0.0
436,25.0,0.0,0.9733385583878132,0.5358640261676786,-1.5086791351243387,0.09600807428774207,1.2153670969315211,1.644868953524436,0.0
437,32.0,1.0,0.9733385583878132,0.5358640261676786,-1.5086791351243387,1.1281183812243287,1.2153670969315211,1.644868953524436,0.0
438,45.0,0.0,1.2325868783389076,0.03897769084484002,-0.9279240899831861,0.09600807428774207,1.2153670969315211,1.0475659152830474,0.0
439,13.0,0.0,-1.4895204811475817,0.03897769084484002,0.8143410454402727,1.4967292051302528,-1.294328611569741,-1.3416462376825067,0.0
440,6.0,1.0,0.8437143984122661,-0.45790864447799823,0.42717101534617125,-1.7470460452418772,1.2153670969315211,1.0475659152830474,0.0
441,28.0,1.0,1.1029627183633604,0.03897769084484002,-0.5407540598890838,0.39089673341248116,1.2153670969315211,0.7489143961623532,0.0
442,2.0,1.0,0.714090238436719,-0.7063518121394173,-0.15358402979498229,-0.7149357383052903,0.3788018607644338,0.45026287704165896,0.0
443,4.0,1.0,1.6214593582655488,-1.9485676504465133,0.42717101534617125,-0.7886579030864751,1.2153670969315211,1.644868953524436,0.0
444,50.0,1.0,1.6214593582655488,2.026523032136194,0.23358600029912005,-0.05143625527462747,1.2153670969315211,1.644868953524436,0.0
445,6.0,1.0,-1.1006480012209405,0.03897769084484002,0.23358600029912005,0.9069518868807745,-0.4577633754026536,-1.0429947185618125,0.0
446,25.0,0.0,-0.3229030413676578,0.5358640261676786,0.8143410454402727,1.2018405460055135,-0.4577633754026536,-0.44569168032042383,0.0
447,38.0,1.0,-0.582151361318752,2.026523032136194,-0.3471690448420326,0.022285909506557303,-0.4577633754026536,-0.14704016119972957,0.0
448,32.0,1.0,1.1029627183633604,0.03897769084484002,-0.3471690448420326,-0.4200470791805513,1.2153670969315211,0.7489143961623532,0.0
449,9.0,0.0,0.714090238436719,-0.20946547681657912,-0.5407540598890838,-0.8623800678676599,0.3788018607644338,0.45026287704165896,0.0
450,47.0,0.0,-1.4895204811475817,-0.7063518121394173,-0.15358402979498229,-0.7149357383052903,-1.294328611569741,-1.3416462376825067,0.0
451,45.0,0.0,-0.582151361318752,0.03897769084484002,0.6207560303932224,0.3171745686312964,-0.4577633754026536,-0.14704016119972957,0.0
452,26.0,1.0,-0.1932788813921107,0.7843071938290977,0.6207560303932224,-0.8623800678676599,-0.4577633754026536,-0.44569168032042383,0.0
453,41.0,0.0,1.1029627183633604,-0.7063518121394173,-0.5407540598890838,-1.157268726992399,1.2153670969315211,0.7489143961623532,0.0
454,46.0,1.0,-0.06365472141656357,0.2874208585062594,-0.15358402979498229,0.3171745686312964,-0.4577633754026536,-0.44569168032042383,1.0
455,37.0,0.0,-1.4895204811475817,0.03897769084484002,0.23358600029912005,-0.05143625527462747,-1.294328611569741,-1.3416462376825067,0.0
456,2.0,1.0,1.6214593582655488,-1.9485676504465133,0.42717101534617125,-0.7886579030864751,1.2153670969315211,1.644868953524436,0.0
457,4.0,1.0,-0.3229030413676578,0.2874208585062594,1.5886811056284773,0.6120632277560355,-0.4577633754026536,-0.44569168032042383,0.0
458,37.0,0.0,1.2325868783389076,0.03897769084484002,-0.9279240899831861,1.423007040349068,1.2153670969315211,1.0475659152830474,0.0
459,34.0,1.0,-0.4525272013432049,0.7843071938290977,1.007926060487324,-1.2309908917735837,-0.4577633754026536,-0.44569168032042383,0.0
460,21.0,0.0,1.6214593582655488,-1.9485676504465133,-0.5407540598890838,-0.49376924396173605,1.2153670969315211,1.644868953524436,0.0
461,9.0,0.0,0.8437143984122661,-0.45790864447799823,0.23358600029912005,-1.157268726992399,1.2153670969315211,1.0475659152830474,0.0
462,45.0,0.0,-0.7117755212942991,0.7843071938290977,0.23358600029912005,-1.0098243974300294,-0.4577633754026536,-0.7443431994411182,0.0
463,51.0,0.0,1.6214593582655488,2.026523032136194,0.23358600029912005,-0.05143625527462747,1.2153670969315211,1.644868953524436,0.0
464,16.0,1.0,-0.4525272013432049,-2.693897153430771,1.201511075534375,0.2434524038501116,-0.4577633754026536,-0.44569168032042383,0.0
465,32.0,1.0,-0.3229030413676578,0.5358640261676786,0.42717101534617125,-0.49376924396173605,-0.4577633754026536,-0.44569168032042383,0.0
466,26.0,1.0,-0.7117755212942991,-0.7063518121394173,0.42717101534617125,0.4646188981936659,-0.4577633754026536,-0.7443431994411182,0.0
467,30.0,1.0,1.6214593582655488,-1.9485676504465133,-0.15358402979498229,0.022285909506557303,1.2153670969315211,1.644868953524436,0.0
468,19.0,0.0,-0.4525272013432049,-2.693897153430771,1.201511075534375,0.2434524038501116,-0.4577633754026536,-0.44569168032042383,0.0
469,42.0,1.0,1.6214593582655488,2.026523032136194,-1.3150941200772877,-0.05143625527462747,1.2153670969315211,1.644868953524436,0.0
470,48.0,1.0,-0.1932788813921107,-0.45790864447799823,0.42717101534617125,-1.7470460452418772,-0.4577633754026536,-0.44569168032042383,0.0
471,41.0,1.0,0.714090238436719,0.5358640261676786,-1.3150941200772877,0.6120632277560355,0.3788018607644338,0.45026287704165896,0.0
472,35.0,0.0,-0.582151361318752,2.026523032136194,-0.3471690448420326,0.022285909506557303,-0.4577633754026536,-0.14704016119972957,0.0
473,14.0,1.0,-0.582151361318752,2.026523032136194,-0.3471690448420326,-1.2309908917735837,-0.4577633754026536,-0.14704016119972957,1.0
474,37.0,1.0,0.714090238436719,-0.20946547681657912,-1.1215091050302373,0.39089673341248116,0.3788018607644338,0.45026287704165896,0.0
475,20.0,1.0,-1.4895204811475817,0.03897769084484002,0.8143410454402727,1.4967292051302528,-1.294328611569741,-1.3416462376825067,0.0
476,41.0,0.0,0.9733385583878132,0.5358640261676786,-1.5086791351243387,1.349284875567883,1.2153670969315211,1.644868953524436,0.0
477,37.0,0.0,-0.7117755212942991,-0.7063518121394173,0.42717101534617125,-0.12515842005581224,-0.4577633754026536,-0.7443431994411182,0.0
478,43.0,0.0,-0.4525272013432049,0.7843071938290977,-0.7343390749361349,-1.3047130565547684,-0.4577633754026536,-0.44569168032042383,0.0
479,12.0,1.0,-0.1932788813921107,0.7843071938290977,1.3950960905814254,0.3171745686312964,-0.4577633754026536,-0.44569168032042383,0.0
480,16.0,1.0,0.8437143984122661,-0.45790864447799823,0.04000098525206888,0.6120632277560355,1.2153670969315211,1.0475659152830474,0.0
481,15.0,0.0,-0.582151361318752,2.026523032136194,-0.5407540598890838,-0.05143625527462747,-0.4577633754026536,-0.14704016119972957,0.0
482,26.0,1.0,0.9733385583878132,0.5358640261676786,-1.5086791351243387,0.09600807428774207,1.2153670969315211,1.644868953524436,0.0
483,39.0,0.0,-0.7117755212942991,0.7843071938290977,0.23358600029912005,-1.0098243974300294,-0.4577633754026536,-0.7443431994411182,0.0
484,50.0,1.0,-0.1932788813921107,-0.45790864447799823,0.42717101534617125,-1.7470460452418772,-0.4577633754026536,-0.44569168032042383,0.0
485,44.0,1.0,-1.4895204811475817,-0.7063518121394173,0.04000098525206888,-0.05143625527462747,-1.294328611569741,-1.3416462376825067,0.0
486,27.0,0.0,-0.06365472141656357,-0.45790864447799823,-0.5407540598890838,0.2434524038501116,-0.4577633754026536,-0.44569168032042383,0.0
487,43.0,1.0,0.8437143984122661,0.5358640261676786,-1.1215091050302373,1.349284875567883,1.2153670969315211,1.0475659152830474,0.0
488,39.0,0.0,-0.3229030413676578,-0.45790864447799823,0.04000098525206888,-0.9361022326488447,-0.4577633754026536,-0.44569168032042383,0.0
489,23.0,0.0,-0.582151361318752,2.026523032136194,-0.5407540598890838,-0.05143625527462747,-0.4577633754026536,-0.14704016119972957,0.0
490,9.0,0.0,1.6214593582655488,-1.9485676504465133,0.42717101534617125,-0.7886579030864751,1.2153670969315211,1.644868953524436,0.0
491,11.0,0.0,-0.1932788813921107,0.7843071938290977,1.3950960905814254,0.3171745686312964,-0.4577633754026536,-0.44569168032042383,0.0
492,42.0,1.0,-0.7117755212942991,0.7843071938290977,0.23358600029912005,-1.0098243974300294,-0.4577633754026536,-0.7443431994411182,0.0
493,35.0,1.0,0.714090238436719,-0.20946547681657912,-1.1215091050302373,0.39089673341248116,0.3788018607644338,0.45026287704165896,0.0
494,33.0,0.0,-0.7117755212942991,-0.7063518121394173,0.42717101534617125,-0.12515842005581224,-0.4577633754026536,-0.7443431994411182,0.0
495,26.0,1.0,-1.748768801098676,-1.2032381474622558,2.5566061808637324,0.2434524038501116,-2.130893847736828,-1.640297756803201,0.0
496,21.0,0.0,1.1029627183633604,0.03897769084484002,-0.5407540598890838,0.39089673341248116,1.2153670969315211,0.7489143961623532,0.0
497,32.0,1.0,-1.748768801098676,-1.2032381474622558,2.7501911959107828,-0.6412135735241056,-2.130893847736828,-1.640297756803201,0.0
498,29.0,0.0,-1.748768801098676,-1.2032381474622558,2.5566061808637324,0.2434524038501116,-2.130893847736828,-1.640297756803201,0.0
499,42.0,1.0,1.2325868783389076,0.03897769084484002,-0.9279240899831861,0.09600807428774207,1.2153670969315211,1.0475659152830474,0.0
500,37.0,0.0,-0.4525272013432049,0.7843071938290977,1.007926060487324,-1.2309908917735837,-0.4577633754026536,-0.44569168032042383,0.0
501,6.0,1.0,0.714090238436719,-0.7063518121394173,-0.15358402979498229,-0.7149357383052903,0.3788018607644338,0.45026287704165896,0.0
502,42.0,1.0,0.9733385583878132,0.5358640261676786,-1.5086791351243387,1.349284875567883,1.2153670969315211,1.644868953524436,0.0
503,31.0,0.0,1.1029627183633604,0.03897769084484002,-0.3471690448420326,-0.4200470791805513,1.2153670969315211,0.7489143961623532,0.0
504,29.0,0.0,0.8437143984122661,-0.45790864447799823,-0.3471690448420326,0.2434524038501116,1.2153670969315211,1.0475659152830474,0.0
505,52.0,1.0,-0.3229030413676578,-0.45790864447799823,-0.15358402979498229,-1.6733238804606925,-0.4577633754026536,-0.44569168032042383,0.0
506,2.0,1.0,-1.1006480012209405,0.03897769084484002,0.23358600029912005,0.9069518868807745,-0.4577633754026536,-1.0429947185618125,0.0
507,34.0,1.0,1.2325868783389076,0.03897769084484002,-0.9279240899831861,1.423007040349068,1.2153670969315211,1.0475659152830474,0.0
508,45.0,0.0,1.1029627183633604,-0.7063518121394173,-0.5407540598890838,-1.157268726992399,1.2153670969315211,0.7489143961623532,1.0
509,24.0,1.0,1.1029627183633604,0.03897769084484002,-0.5407540598890838,0.39089673341248116,1.2153670969315211,0.7489143961623532,0.0
510,27.0,0.0,-0.3229030413676578,0.5358640261676786,0.42717101534617125,-0.49376924396173605,-0.4577633754026536,-0.44569168032042383,0.0
511,4.0,1.0,-1.748768801098676,0.5358640261676786,1.201511075534375,2.2339508529421,-2.130893847736828,-1.640297756803201,0.0
512,18.0,1.0,-1.1006480012209405,1.0327503614905171,-0.7343390749361349,1.054396216443144,-0.4577633754026536,-1.0429947185618125,0.0
513,38.0,1.0,0.9733385583878132,0.5358640261676786,-1.5086791351243387,1.349284875567883,1.2153670969315211,1.644868953524436,0.0
514,41.0,0.0,-1.748768801098676,-1.2032381474622558,2.5566061808637324,-1.0098243974300294,-2.130893847736828,-1.640297756803201,0.0
515,35.0,0.0,1.1029627183633604,0.03897769084484002,-0.3471690448420326,-0.4200470791805513,1.2153670969315211,0.7489143961623532,0.0
516,18.0,1.0,0.8437143984122661,-0.45790864447799823,0.04000098525206888,0.6120632277560355,1.2153670969315211,1.0475659152830474,0.0
517,33.0,0.0,1.6214593582655488,-1.9485676504465133,-0.15358402979498229,0.022285909506557303,1.2153670969315211,1.644868953524436,0.0
518,33.0,0.0,0.9733385583878132,0.5358640261676786,-1.5086791351243387,1.1281183812243287,1.2153670969315211,1.644868953524436,0.0
519,28.0,1.0,1.2325868783389076,-0.20946547681657912,-0.9279240899831861,-0.198880584836997,1.2153670969315211,1.0475659152830474,1.0
520,15.0,1.0,0.714090238436719,-0.20946547681657912,-0.3471690448420326,-0.5674914087429208,0.3788018607644338,0.45026287704165896,0.0
521,1.0,0.0,-1.1006480012209405,0.03897769084484002,0.23358600029912005,0.9069518868807745,-0.4577633754026536,-1.0429947185618125,0.0
522,8.0,1.0,0.714090238436719,-0.20946547681657912,-0.5407540598890838,-0.8623800678676599,0.3788018607644338,0.45026287704165896,1.0
523,7.0,0.0,0.714090238436719,-0.20946547681657912,-0.5407540598890838,-0.8623800678676599,0.3788018607644338,0.45026287704165896,0.0
524,18.0,1.0,1.1029627183633604,0.03897769084484002,0.23358600029912005,0.4646188981936659,1.2153670969315211,0.7489143961623532,0.0
525,2.0,1.0,-0.1932788813921107,2.026523032136194,0.23358600029912005,-0.05143625527462747,-0.4577633754026536,-0.44569168032042383,0.0
526,25.0,0.0,0.8437143984122661,-0.45790864447799823,-0.3471690448420326,0.2434524038501116,1.2153670969315211,1.0475659152830474,0.0
527,19.0,0.0,0.8437143984122661,-0.45790864447799823,0.04000098525206888,0.6120632277560355,1.2153670969315211,1.0475659152830474,0.0
528,52.0,0.0,0.714090238436719,0.5358640261676786,-1.3150941200772877,3.5609498190034263,0.3788018607644338,0.45026287704165896,0.0
529,1.0,0.0,1.1029627183633604,0.03897769084484002,1.5886811056284773,0.3171745686312964,1.2153670969315211,0.7489143961623532,0.0
530,39.0,0.0,-0.582151361318752,2.026523032136194,-0.3471690448420326,0.022285909506557303,-0.4577633754026536,-0.14704016119972957,0.0
531,31.0,0.0,-1.748768801098676,-1.2032381474622558,2.7501911959107828,-0.6412135735241056,-2.130893847736828,-1.640297756803201,0.0
532,23.0,0.0,-0.4525272013432049,-2.693897153430771,1.201511075534375,-1.2309908917735837,-0.4577633754026536,-0.44569168032042383,0.0
533,10.0,1.0,-1.1006480012209405,1.0327503614905171,-0.3471690448420326,0.8332297220995898,-0.4577633754026536,-1.0429947185618125,0.0
534,46.0,1.0,-1.748768801098676,-1.2032381474622558,2.5566061808637324,-1.0098243974300294,-2.130893847736828,-1.640297756803201,0.0
535,1.0,0.0,-0.582151361318752,-1.2032381474622558,0.04000098525206888,-0.7886579030864751,-0.4577633754026536,-0.14704016119972957,0.0
536,23.0,0.0,1.2325868783389076,-0.20946547681657912,-0.9279240899831861,-0.198880584836997,1.2153670969315211,1.0475659152830474,0.0
537,48.0,1.0,-0.06365472141656357,0.2874208585062594,-0.5407540598890838,-0.12515842005581224,-0.4577633754026536,-0.44569168032042383,0.0
538,21.0,0.0,-1.4895204811475817,0.03897769084484002,0.23358600029912005,2.012784358598546,-1.294328611569741,-1.3416462376825067,0.0
539,31.0,0.0,-1.1006480012209405,1.0327503614905171,-0.5407540598890838,0.022285909506557303,-0.4577633754026536,-1.0429947185618125,0.0
540,47.0,0.0,-0.582151361318752,0.03897769084484002,0.6207560303932224,0.3171745686312964,-0.4577633754026536,-0.14704016119972957,0.0
541,19.0,1.0,0.714090238436719,-0.20946547681657912,-0.3471690448420326,-0.5674914087429208,0.3788018607644338,0.45026287704165896,0.0
542,18.0,1.0,-1.4895204811475817,0.03897769084484002,0.8143410454402727,1.4967292051302528,-1.294328611569741,-1.3416462376825067,0.0
543,14.0,1.0,-1.4895204811475817,0.03897769084484002,0.8143410454402727,1.4967292051302528,-1.294328611569741,-1.3416462376825067,0.0
544,35.0,0.0,1.2325868783389076,0.03897769084484002,-0.9279240899831861,1.423007040349068,1.2153670969315211,1.0475659152830474,0.0
545,38.0,1.0,-1.4895204811475817,0.03897769084484002,0.23358600029912005,-0.05143625527462747,-1.294328611569741,-1.3416462376825067,0.0
546,29.0,0.0,1.1029627183633604,0.03897769084484002,-0.3471690448420326,-0.4200470791805513,1.2153670969315211,0.7489143961623532,0.0
547,21.0,0.0,1.2325868783389076,-0.20946547681657912,-0.7343390749361349,-0.05143625527462747,1.2153670969315211,1.0475659152830474,0.0
548,43.0,0.0,-0.3229030413676578,-0.45790864447799823,0.04000098525206888,-0.9361022326488447,-0.4577633754026536,-0.44569168032042383,0.0
549,28.0,1.0,-0.3229030413676578,0.5358640261676786,0.42717101534617125,-0.49376924396173605,-0.4577633754026536,-0.44569168032042383,0.0
550,32.0,1.0,-0.7117755212942991,-0.7063518121394173,0.42717101534617125,-0.12515842005581224,-0.4577633754026536,-0.7443431994411182,1.0
551,24.0,1.0,-0.582151361318752,2.026523032136194,-0.7343390749361349,-0.7886579030864751,-0.4577633754026536,-0.14704016119972957,0.0
552,14.0,1.0,0.9733385583878132,0.5358640261676786,-1.3150941200772877,-0.9361022326488447,1.2153670969315211,1.644868953524436,0.0
553,1.0,0.0,-0.1932788813921107,2.026523032136194,0.23358600029912005,-0.05143625527462747,-0.4577633754026536,-0.44569168032042383,0.0
554,30.0,1.0,-1.4895204811475817,0.03897769084484002,0.23358600029912005,-0.05143625527462747,-1.294328611569741,-1.3416462376825067,0.0
555,45.0,0.0,-1.748768801098676,-1.2032381474622558,2.5566061808637324,-1.0098243974300294,-2.130893847736828,-1.640297756803201,0.0
556,17.0,0.0,1.1029627183633604,0.03897769084484002,0.23358600029912005,0.4646188981936659,1.2153670969315211,0.7489143961623532,0.0
557,16.0,1.0,-0.1932788813921107,0.7843071938290977,1.201511075534375,0.16973023906892684,-0.4577633754026536,-0.44569168032042383,1.0
558,29.0,0.0,0.9733385583878132,0.5358640261676786,-1.5086791351243387,1.1281183812243287,1.2153670969315211,1.644868953524436,0.0
559,14.0,1.0,-0.1932788813921107,0.7843071938290977,1.3950960905814254,0.3171745686312964,-0.4577633754026536,-0.44569168032042383,0.0
560,3.0,0.0,1.2325868783389076,-0.20946547681657912,-0.9279240899831861,-1.0835465622112141,1.2153670969315211,1.0475659152830474,0.0
561,45.0,0.0,0.9733385583878132,0.5358640261676786,-1.895849165218441,1.2018405460055135,1.2153670969315211,1.644868953524436,1.0
562,12.0,1.0,-1.748768801098676,0.5358640261676786,1.201511075534375,2.2339508529421,-2.130893847736828,-1.640297756803201,0.0
563,16.0,1.0,-1.748768801098676,-1.2032381474622558,2.943776210957835,0.3171745686312964,-2.130893847736828,-1.640297756803201,0.0
564,5.0,0.0,-0.582151361318752,-1.2032381474622558,0.04000098525206888,-0.7886579030864751,-0.4577633754026536,-0.14704016119972957,0.0
565,8.0,1.0,-1.748768801098676,0.5358640261676786,1.201511075534375,2.2339508529421,-2.130893847736828,-1.640297756803201,0.0
566,40.0,1.0,-0.3229030413676578,-0.45790864447799823,0.04000098525206888,-0.9361022326488447,-0.4577633754026536,-0.44569168032042383,0.0
567,17.0,0.0,1.2325868783389076,-0.20946547681657912,-0.7343390749361349,-0.05143625527462747,1.2153670969315211,1.0475659152830474,0.0
568,54.0,1.0,-0.4525272013432049,0.7843071938290977,-0.7343390749361349,-1.3784352213359532,-0.4577633754026536,-0.44569168032042383,0.0
569,30.0,1.0,0.9733385583878132,0.5358640261676786,-1.5086791351243387,1.1281183812243287,1.2153670969315211,1.644868953524436,0.0
570,21.0,0.0,-0.3229030413676578,0.5358640261676786,0.8143410454402727,1.2018405460055135,-0.4577633754026536,-0.44569168032042383,0.0
571,3.0,0.0,1.6214593582655488,-1.9485676504465133,0.42717101534617125,-0.7886579030864751,1.2153670969315211,1.644868953524436,0.0
572,15.0,0.0,-1.748768801098676,-1.2032381474622558,2.943776210957835,0.3171745686312964,-2.130893847736828,-1.640297756803201,0.0
573,30.0,1.0,-1.748768801098676,-1.2032381474622558,2.5566061808637324,0.2434524038501116,-2.130893847736828,-1.640297756803201,0.0
574,11.0,0.0,-1.748768801098676,0.5358640261676786,1.201511075534375,2.2339508529421,-2.130893847736828,-1.640297756803201,0.0
575,33.0,0.0,1.1029627183633604,0.03897769084484002,-0.3471690448420326,-0.4200470791805513,1.2153670969315211,0.7489143961623532,0.0
576,28.0,1.0,-0.1932788813921107,0.7843071938290977,0.6207560303932224,-0.8623800678676599,-0.4577633754026536,-0.44569168032042383,0.0
577,37.0,0.0,-0.582151361318752,2.026523032136194,-0.3471690448420326,0.022285909506557303,-0.4577633754026536,-0.14704016119972957,0.0
578,38.0,0.0,0.714090238436719,-0.20946547681657912,-1.1215091050302373,0.39089673341248116,0.3788018607644338,0.45026287704165896,0.0
579,38.0,1.0,-0.06365472141656357,0.2874208585062594,-0.15358402979498229,0.3171745686312964,-0.4577633754026536,-0.44569168032042383,0.0
580,9.0,0.0,-0.7117755212942991,0.03897769084484002,0.8143410454402727,1.2755627107866983,-0.4577633754026536,-0.7443431994411182,0.0
581,9.0,0.0,-1.1006480012209405,1.0327503614905171,-0.3471690448420326,0.8332297220995898,-0.4577633754026536,-1.0429947185618125,0.0
582,13.0,0.0,-0.1932788813921107,0.7843071938290977,1.3950960905814254,0.3171745686312964,-0.4577633754026536,-0.44569168032042383,0.0
583,43.0,1.0,-0.1932788813921107,-0.20946547681657912,0.42717101534617125,-1.6733238804606925,-0.4577633754026536,-0.44569168032042383,0.0
584,14.0,1.0,1.2325868783389076,-0.20946547681657912,-0.5407540598890838,-0.6412135735241056,1.2153670969315211,1.0475659152830474,0.0
585,25.0,0.0,1.6214593582655488,-1.9485676504465133,-0.5407540598890838,-0.49376924396173605,1.2153670969315211,1.644868953524436,0.0
586,49.0,0.0,-0.3229030413676578,-0.45790864447799823,-0.15358402979498229,-1.6733238804606925,-0.4577633754026536,-0.44569168032042383,0.0
587,46.0,1.0,1.2325868783389076,0.03897769084484002,-0.9279240899831861,0.09600807428774207,1.2153670969315211,1.0475659152830474,0.0
